index	項目名	id	施設名	令和5年	令和6年
0	0歳_199以下	1	北保育所	3	0
1	0歳_199以下	2	東保育所	0	0
2	0歳_199以下	3	西保育所	0	4
3	0歳_199以下	4	中央保育所	3	0
4	0歳_199以下	5	北山保育所	2	4
5	0歳_199以下	6	住吉保育所	0	2
6	0歳_199以下	7	小柳保育所	0	0
7	0歳_199以下	8	八幡保育所	1	2
8	0歳_199以下	9	本町保育所	0	0
9	0歳_199以下	10	三本木保育所	0	0
10	0歳_199以下	11	美好保育所	0	3
11	0歳_199以下	12	府中愛児園	5	1
12	0歳_199以下	13	南分倍保育園	1	2
13	0歳_199以下	14	髙安寺保育園	0	0
14	0歳_199以下	15	千春保育園	3	2
15	0歳_199以下	16	是政保育園	0	2
16	0歳_199以下	17	晴見保育園	4	0
17	0歳_199以下	18	押立保育園	0	2
18	0歳_199以下	19	府中保育園	-	-
19	0歳_199以下	20	にじのいろ保育園	6	3
20	0歳_199以下	21	山手保育園	1	2
21	0歳_199以下	22	さくらんぼ保育園	4	4
22	0歳_199以下	23	押立第二保育園	4	1
23	0歳_199以下	24	わらしこ保育園	4	2
24	0歳_199以下	25	第２府中保育園	1	4
25	0歳_199以下	26	府中めぐみ保育園	0	0
26	0歳_199以下	27	キッズエイド武蔵保育園	2	1
27	0歳_199以下	28	山手保育園清水が丘分園	1	1
28	0歳_199以下	29	やまびこ保育園	0	0
29	0歳_199以下	30	キッズランド府中保育園	0	2
30	0歳_199以下	31	府中保育園分園	0	0
31	0歳_199以下	32	キッズルームこっこ保育園	2	1
32	0歳_199以下	33	府中中河原雲母保育園	4	3
33	0歳_199以下	34	めぐみ第二保育園	3	4
34	0歳_199以下	35	西府の森保育園	-	-
35	0歳_199以下	36	わらしこ第２保育園	1	0
36	0歳_199以下	37	山手こひつじ保育園	0	1
37	0歳_199以下	38	白糸さくらんぼ保育園	1	2
38	0歳_199以下	39	分倍保育園	0	0
39	0歳_199以下	40	光明高倉保育園	3	0
40	0歳_199以下	41	まなびの森保育園中河原	0	1
41	0歳_199以下	42	明桜保育園	×	0
42	0歳_199以下	43	そよかぜハーモニー保育園	1	2
43	0歳_199以下	44	よつば保育園	0	0
44	0歳_199以下	45	第２キッズランド府中保育園	0	0
45	0歳_199以下	46	光明府中南保育園	2	6
46	0歳_199以下	47	アスク府中本町保育園	2	0
47	0歳_199以下	48	太陽の子清水が丘三丁目保育園	0	1
48	0歳_199以下	49	ラフ・クルー分倍河原保育園	0	0
49	0歳_199以下	50	ラフ・クルー分倍河原保育園分園	1	3
50	0歳_199以下	51	このめ保育園	0	0
51	0歳_199以下	52	アスク府中片町保育園	0	0
52	0歳_199以下	53	ふちしらコスモ保育園	1	2
53	0歳_199以下	54	トレジャーキッズぶばい保育園	0	0
54	0歳_199以下	55	まなびの森保育園東府中	2	0
55	0歳_199以下	56	まなびの森保育園府中	0	0
56	0歳_199以下	57	ソラスト府中保育園	4	4
57	0歳_199以下	58	ヴィラまなびの森保育園住吉町	0	0
58	0歳_199以下	59	府中緑町・学びの保育園	0	0
59	0歳_199以下	60	ひよこっこはちまん	0	×
60	0歳_199以下	61	ひよこっこわかまつ	×	0
61	0歳_199以下	62	ねぎし保育園	×	2
62	0歳_200	1	北保育所	2	1
63	0歳_200	2	東保育所	0	2
64	0歳_200	3	西保育所	5	1
65	0歳_200	4	中央保育所	0	0
66	0歳_200	5	北山保育所	2	0
67	0歳_200	6	住吉保育所	5	2
68	0歳_200	7	小柳保育所	0	3
69	0歳_200	8	八幡保育所	0	0
70	0歳_200	9	本町保育所	1	0
71	0歳_200	10	三本木保育所	3	2
72	0歳_200	11	美好保育所	4	2
73	0歳_200	12	府中愛児園	7	0
74	0歳_200	13	南分倍保育園	2	1
75	0歳_200	14	髙安寺保育園	7	4
76	0歳_200	15	千春保育園	2	0
77	0歳_200	16	是政保育園	9	4
78	0歳_200	17	晴見保育園	0	8
79	0歳_200	18	押立保育園	4	5
80	0歳_200	19	府中保育園	-	-
81	0歳_200	20	にじのいろ保育園	1	1
82	0歳_200	21	山手保育園	1	0
83	0歳_200	22	さくらんぼ保育園	2	3
84	0歳_200	23	押立第二保育園	2	3
85	0歳_200	24	わらしこ保育園	1	4
86	0歳_200	25	第２府中保育園	1	0
87	0歳_200	26	府中めぐみ保育園	8	7
88	0歳_200	27	キッズエイド武蔵保育園	1	2
89	0歳_200	28	山手保育園清水が丘分園	0	1
90	0歳_200	29	やまびこ保育園	2	0
91	0歳_200	30	キッズランド府中保育園	4	3
92	0歳_200	31	府中保育園分園	5	6
93	0歳_200	32	キッズルームこっこ保育園	1	1
94	0歳_200	33	府中中河原雲母保育園	2	1
95	0歳_200	34	めぐみ第二保育園	3	4
96	0歳_200	35	西府の森保育園	-	-
97	0歳_200	36	わらしこ第２保育園	1	0
98	0歳_200	37	山手こひつじ保育園	3	3
99	0歳_200	38	白糸さくらんぼ保育園	0	0
100	0歳_200	39	分倍保育園	0	1
101	0歳_200	40	光明高倉保育園	4	6
102	0歳_200	41	まなびの森保育園中河原	4	1
103	0歳_200	42	明桜保育園	×	3
104	0歳_200	43	そよかぜハーモニー保育園	1	3
105	0歳_200	44	よつば保育園	5	4
106	0歳_200	45	第２キッズランド府中保育園	0	0
107	0歳_200	46	光明府中南保育園	0	3
108	0歳_200	47	アスク府中本町保育園	2	3
109	0歳_200	48	太陽の子清水が丘三丁目保育園	0	1
110	0歳_200	49	ラフ・クルー分倍河原保育園	1	2
111	0歳_200	50	ラフ・クルー分倍河原保育園分園	1	0
112	0歳_200	51	このめ保育園	3	3
113	0歳_200	52	アスク府中片町保育園	2	2
114	0歳_200	53	ふちしらコスモ保育園	5	1
115	0歳_200	54	トレジャーキッズぶばい保育園	0	2
116	0歳_200	55	まなびの森保育園東府中	2	5
117	0歳_200	56	まなびの森保育園府中	4	0
118	0歳_200	57	ソラスト府中保育園	2	1
119	0歳_200	58	ヴィラまなびの森保育園住吉町	1	0
120	0歳_200	59	府中緑町・学びの保育園	2	3
121	0歳_200	60	ひよこっこはちまん	0	×
122	0歳_200	61	ひよこっこわかまつ	×	0
123	0歳_200	62	ねぎし保育園	×	0
124	0歳_201以上	1	北保育所	3	5
125	0歳_201以上	2	東保育所	6	4
126	0歳_201以上	3	西保育所	3	1
127	0歳_201以上	4	中央保育所	2	3
128	0歳_201以上	5	北山保育所	0	2
129	0歳_201以上	6	住吉保育所	4	2
130	0歳_201以上	7	小柳保育所	2	0
131	0歳_201以上	8	八幡保育所	2	0
132	0歳_201以上	9	本町保育所	2	6
133	0歳_201以上	10	三本木保育所	4	4
134	0歳_201以上	11	美好保育所	2	1
135	0歳_201以上	12	府中愛児園	7	5
136	0歳_201以上	13	南分倍保育園	3	3
137	0歳_201以上	14	髙安寺保育園	3	6
138	0歳_201以上	15	千春保育園	0	2
139	0歳_201以上	16	是政保育園	7	3
140	0歳_201以上	17	晴見保育園	4	1
141	0歳_201以上	18	押立保育園	5	1
142	0歳_201以上	19	府中保育園	-	-
143	0歳_201以上	20	にじのいろ保育園	2	2
144	0歳_201以上	21	山手保育園	1	0
145	0歳_201以上	22	さくらんぼ保育園	2	2
146	0歳_201以上	23	押立第二保育園	3	5
147	0歳_201以上	24	わらしこ保育園	3	4
148	0歳_201以上	25	第２府中保育園	2	5
149	0歳_201以上	26	府中めぐみ保育園	1	2
150	0歳_201以上	27	キッズエイド武蔵保育園	3	1
151	0歳_201以上	28	山手保育園清水が丘分園	2	1
152	0歳_201以上	29	やまびこ保育園	3	2
153	0歳_201以上	30	キッズランド府中保育園	2	1
154	0歳_201以上	31	府中保育園分園	7	6
155	0歳_201以上	32	キッズルームこっこ保育園	0	2
156	0歳_201以上	33	府中中河原雲母保育園	0	2
157	0歳_201以上	34	めぐみ第二保育園	3	1
158	0歳_201以上	35	西府の森保育園	-	-
159	0歳_201以上	36	わらしこ第２保育園	2	0
160	0歳_201以上	37	山手こひつじ保育園	3	2
161	0歳_201以上	38	白糸さくらんぼ保育園	1	1
162	0歳_201以上	39	分倍保育園	6	5
163	0歳_201以上	40	光明高倉保育園	2	2
164	0歳_201以上	41	まなびの森保育園中河原	2	4
165	0歳_201以上	42	明桜保育園	×	2
166	0歳_201以上	43	そよかぜハーモニー保育園	0	1
167	0歳_201以上	44	よつば保育園	4	5
168	0歳_201以上	45	第２キッズランド府中保育園	6	6
169	0歳_201以上	46	光明府中南保育園	0	0
170	0歳_201以上	47	アスク府中本町保育園	1	3
171	0歳_201以上	48	太陽の子清水が丘三丁目保育園	3	1
172	0歳_201以上	49	ラフ・クルー分倍河原保育園	2	1
173	0歳_201以上	50	ラフ・クルー分倍河原保育園分園	1	0
174	0歳_201以上	51	このめ保育園	3	3
175	0歳_201以上	52	アスク府中片町保育園	4	4
176	0歳_201以上	53	ふちしらコスモ保育園	0	1
177	0歳_201以上	54	トレジャーキッズぶばい保育園	4	2
178	0歳_201以上	55	まなびの森保育園東府中	2	1
179	0歳_201以上	56	まなびの森保育園府中	2	6
180	0歳_201以上	57	ソラスト府中保育園	2	4
181	0歳_201以上	58	ヴィラまなびの森保育園住吉町	2	3
182	0歳_201以上	59	府中緑町・学びの保育園	1	0
183	0歳_201以上	60	ひよこっこはちまん	0	×
184	0歳_201以上	61	ひよこっこわかまつ	×	0
185	0歳_201以上	62	ねぎし保育園	×	1
186	0歳_最低指数	1	北保育所	139	200
187	0歳_最低指数	2	東保育所	201	200
188	0歳_最低指数	3	西保育所	200	160
189	0歳_最低指数	4	中央保育所	0	202
190	0歳_最低指数	5	北山保育所	140	170
191	0歳_最低指数	6	住吉保育所	200	172
192	0歳_最低指数	7	小柳保育所	×	200
193	0歳_最低指数	8	八幡保育所	192	×
194	0歳_最低指数	9	本町保育所	200	202
195	0歳_最低指数	10	三本木保育所	200	200
196	0歳_最低指数	11	美好保育所	200	146
197	0歳_最低指数	12	府中愛児園	180	183
198	0歳_最低指数	13	南分倍保育園	193	182
199	0歳_最低指数	14	髙安寺保育園	200	200
200	0歳_最低指数	15	千春保育園	0	150
201	0歳_最低指数	16	是政保育園	200	153
202	0歳_最低指数	17	晴見保育園	150	200
203	0歳_最低指数	18	押立保育園	200	180
204	0歳_最低指数	19	府中保育園	-	-
205	0歳_最低指数	20	にじのいろ保育園	105	150
206	0歳_最低指数	21	山手保育園	163	×
207	0歳_最低指数	22	さくらんぼ保育園	154	151
208	0歳_最低指数	23	押立第二保育園	181	180
209	0歳_最低指数	24	わらしこ保育園	140	150
210	0歳_最低指数	25	第２府中保育園	183	162
211	0歳_最低指数	26	府中めぐみ保育園	200	200
212	0歳_最低指数	27	キッズエイド武蔵保育園	149	150
213	0歳_最低指数	28	山手保育園清水が丘分園	193	161
214	0歳_最低指数	29	やまびこ保育園	200	×
215	0歳_最低指数	30	キッズランド府中保育園	200	153
216	0歳_最低指数	31	府中保育園分園	200	200
217	0歳_最低指数	32	キッズルームこっこ保育園	185	192
218	0歳_最低指数	33	府中中河原雲母保育園	180	170
219	0歳_最低指数	34	めぐみ第二保育園	152	174
220	0歳_最低指数	35	西府の森保育園	-	-
221	0歳_最低指数	36	わらしこ第２保育園	175	-
222	0歳_最低指数	37	山手こひつじ保育園	200	192
223	0歳_最低指数	38	白糸さくらんぼ保育園	×	161
224	0歳_最低指数	39	分倍保育園	201	200
225	0歳_最低指数	40	光明高倉保育園	151	200
226	0歳_最低指数	41	まなびの森保育園中河原	200	172
227	0歳_最低指数	42	明桜保育園	×	200
228	0歳_最低指数	43	そよかぜハーモニー保育園	×	180
229	0歳_最低指数	44	よつば保育園	200	200
230	0歳_最低指数	45	第２キッズランド府中保育園	202	201
231	0歳_最低指数	46	光明府中南保育園	×	151
232	0歳_最低指数	47	アスク府中本町保育園	172	200
233	0歳_最低指数	48	太陽の子清水が丘三丁目保育園	202	175
234	0歳_最低指数	49	ラフ・クルー分倍河原保育園	200	200
235	0歳_最低指数	50	ラフ・クルー分倍河原保育園分園	170	150
236	0歳_最低指数	51	このめ保育園	200	200
237	0歳_最低指数	52	アスク府中片町保育園	200	200
238	0歳_最低指数	53	ふちしらコスモ保育園	192	0
239	0歳_最低指数	54	トレジャーキッズぶばい保育園	202	200
240	0歳_最低指数	55	まなびの森保育園東府中	193	200
241	0歳_最低指数	56	まなびの森保育園府中	200	201
242	0歳_最低指数	57	ソラスト府中保育園	150	152
243	0歳_最低指数	58	ヴィラまなびの森保育園住吉町	200	202
244	0歳_最低指数	59	府中緑町・学びの保育園	200	200
245	0歳_最低指数	60	ひよこっこはちまん	-	×
246	0歳_最低指数	61	ひよこっこわかまつ	×	-
247	0歳_最低指数	62	ねぎし保育園	×	145
248	1歳_199以下	1	北保育所	0	0
249	1歳_199以下	2	東保育所	0	0
250	1歳_199以下	3	西保育所	0	0
251	1歳_199以下	4	中央保育所	0	2
252	1歳_199以下	5	北山保育所	0	0
253	1歳_199以下	6	住吉保育所	0	0
254	1歳_199以下	7	小柳保育所	0	0
255	1歳_199以下	8	八幡保育所	2	0
256	1歳_199以下	9	本町保育所	0	0
257	1歳_199以下	10	三本木保育所	0	0
258	1歳_199以下	11	美好保育所	0	0
259	1歳_199以下	12	府中愛児園	13	12
260	1歳_199以下	13	南分倍保育園	2	1
261	1歳_199以下	14	髙安寺保育園	0	0
262	1歳_199以下	15	千春保育園	1	4
263	1歳_199以下	16	是政保育園	0	0
264	1歳_199以下	17	晴見保育園	0	0
265	1歳_199以下	18	押立保育園	0	0
266	1歳_199以下	19	府中保育園	0	0
267	1歳_199以下	20	にじのいろ保育園	2	1
268	1歳_199以下	21	山手保育園	0	1
269	1歳_199以下	22	さくらんぼ保育園	0	0
270	1歳_199以下	23	押立第二保育園	0	0
271	1歳_199以下	24	わらしこ保育園	0	0
272	1歳_199以下	25	第２府中保育園	0	1
273	1歳_199以下	26	府中めぐみ保育園	0	0
274	1歳_199以下	27	キッズエイド武蔵保育園	1	1
275	1歳_199以下	28	山手保育園清水が丘分園	2	1
276	1歳_199以下	29	やまびこ保育園	0	2
277	1歳_199以下	30	キッズランド府中保育園	0	0
278	1歳_199以下	31	府中保育園分園	0	0
279	1歳_199以下	32	キッズルームこっこ保育園	0	0
280	1歳_199以下	33	府中中河原雲母保育園	4	1
281	1歳_199以下	34	めぐみ第二保育園	×	×
282	1歳_199以下	35	西府の森保育園	0	0
283	1歳_199以下	36	わらしこ第２保育園	8	2
284	1歳_199以下	37	山手こひつじ保育園	0	0
285	1歳_199以下	38	白糸さくらんぼ保育園	3	3
286	1歳_199以下	39	分倍保育園	0	2
287	1歳_199以下	40	光明高倉保育園	0	0
288	1歳_199以下	41	まなびの森保育園中河原	0	0
289	1歳_199以下	42	明桜保育園	2	6
290	1歳_199以下	43	そよかぜハーモニー保育園	0	0
291	1歳_199以下	44	よつば保育園	0	0
292	1歳_199以下	45	第２キッズランド府中保育園	0	0
293	1歳_199以下	46	光明府中南保育園	11	6
294	1歳_199以下	47	アスク府中本町保育園	0	0
295	1歳_199以下	48	太陽の子清水が丘三丁目保育園	0	1
296	1歳_199以下	49	ラフ・クルー分倍河原保育園	0	0
297	1歳_199以下	50	ラフ・クルー分倍河原保育園分園	0	0
298	1歳_199以下	51	このめ保育園	0	0
299	1歳_199以下	52	アスク府中片町保育園	0	0
300	1歳_199以下	53	ふちしらコスモ保育園	0	4
301	1歳_199以下	54	トレジャーキッズぶばい保育園	0	0
302	1歳_199以下	55	まなびの森保育園東府中	0	0
303	1歳_199以下	56	まなびの森保育園府中	0	0
304	1歳_199以下	57	ソラスト府中保育園	0	2
305	1歳_199以下	58	ヴィラまなびの森保育園住吉町	0	3
306	1歳_199以下	59	府中緑町・学びの保育園	0	0
307	1歳_199以下	60	ひよこっこはちまん	×	×
308	1歳_199以下	61	ひよこっこわかまつ	×	0
309	1歳_199以下	62	ねぎし保育園	×	2
310	1歳_200	1	北保育所	4	1
311	1歳_200	2	東保育所	1	6
312	1歳_200	3	西保育所	4	1
313	1歳_200	4	中央保育所	2	4
314	1歳_200	5	北山保育所	0	0
315	1歳_200	6	住吉保育所	4	1
316	1歳_200	7	小柳保育所	0	0
317	1歳_200	8	八幡保育所	1	0
318	1歳_200	9	本町保育所	2	2
319	1歳_200	10	三本木保育所	5	2
320	1歳_200	11	美好保育所	0	1
321	1歳_200	12	府中愛児園	8	14
322	1歳_200	13	南分倍保育園	3	5
323	1歳_200	14	髙安寺保育園	4	3
324	1歳_200	15	千春保育園	2	2
325	1歳_200	16	是政保育園	1	0
326	1歳_200	17	晴見保育園	2	4
327	1歳_200	18	押立保育園	0	6
328	1歳_200	19	府中保育園	0	0
329	1歳_200	20	にじのいろ保育園	2	4
330	1歳_200	21	山手保育園	2	2
331	1歳_200	22	さくらんぼ保育園	4	3
332	1歳_200	23	押立第二保育園	3	7
333	1歳_200	24	わらしこ保育園	1	1
334	1歳_200	25	第２府中保育園	0	4
335	1歳_200	26	府中めぐみ保育園	1	0
336	1歳_200	27	キッズエイド武蔵保育園	2	1
337	1歳_200	28	山手保育園清水が丘分園	0	4
338	1歳_200	29	やまびこ保育園	3	0
339	1歳_200	30	キッズランド府中保育園	1	0
340	1歳_200	31	府中保育園分園	3	0
341	1歳_200	32	キッズルームこっこ保育園	3	3
342	1歳_200	33	府中中河原雲母保育園	1	3
343	1歳_200	34	めぐみ第二保育園	×	×
344	1歳_200	35	西府の森保育園	8	0
345	1歳_200	36	わらしこ第２保育園	0	6
346	1歳_200	37	山手こひつじ保育園	0	0
347	1歳_200	38	白糸さくらんぼ保育園	4	3
348	1歳_200	39	分倍保育園	7	4
349	1歳_200	40	光明高倉保育園	2	0
350	1歳_200	41	まなびの森保育園中河原	3	6
351	1歳_200	42	明桜保育園	5	0
352	1歳_200	43	そよかぜハーモニー保育園	3	3
353	1歳_200	44	よつば保育園	2	0
354	1歳_200	45	第２キッズランド府中保育園	2	0
355	1歳_200	46	光明府中南保育園	8	13
356	1歳_200	47	アスク府中本町保育園	0	2
357	1歳_200	48	太陽の子清水が丘三丁目保育園	5	3
358	1歳_200	49	ラフ・クルー分倍河原保育園	0	4
359	1歳_200	50	ラフ・クルー分倍河原保育園分園	5	4
360	1歳_200	51	このめ保育園	0	0
361	1歳_200	52	アスク府中片町保育園	1	4
362	1歳_200	53	ふちしらコスモ保育園	4	5
363	1歳_200	54	トレジャーキッズぶばい保育園	5	7
364	1歳_200	55	まなびの森保育園東府中	3	0
365	1歳_200	56	まなびの森保育園府中	2	0
366	1歳_200	57	ソラスト府中保育園	3	5
367	1歳_200	58	ヴィラまなびの森保育園住吉町	6	4
368	1歳_200	59	府中緑町・学びの保育園	6	4
369	1歳_200	60	ひよこっこはちまん	×	×
370	1歳_200	61	ひよこっこわかまつ	×	2
371	1歳_200	62	ねぎし保育園	×	1
372	1歳_201以上	1	北保育所	1	4
373	1歳_201以上	2	東保育所	6	1
374	1歳_201以上	3	西保育所	2	4
375	1歳_201以上	4	中央保育所	5	1
376	1歳_201以上	5	北山保育所	5	5
377	1歳_201以上	6	住吉保育所	5	8
378	1歳_201以上	7	小柳保育所	2	2
379	1歳_201以上	8	八幡保育所	2	2
380	1歳_201以上	9	本町保育所	2	3
381	1歳_201以上	10	三本木保育所	7	11
382	1歳_201以上	11	美好保育所	2	1
383	1歳_201以上	12	府中愛児園	10	13
384	1歳_201以上	13	南分倍保育園	4	3
385	1歳_201以上	14	髙安寺保育園	6	7
386	1歳_201以上	15	千春保育園	4	3
387	1歳_201以上	16	是政保育園	7	8
388	1歳_201以上	17	晴見保育園	2	1
389	1歳_201以上	18	押立保育園	12	6
390	1歳_201以上	19	府中保育園	11	11
391	1歳_201以上	20	にじのいろ保育園	2	1
392	1歳_201以上	21	山手保育園	0	1
393	1歳_201以上	22	さくらんぼ保育園	7	7
394	1歳_201以上	23	押立第二保育園	7	3
395	1歳_201以上	24	わらしこ保育園	2	1
396	1歳_201以上	25	第２府中保育園	7	3
397	1歳_201以上	26	府中めぐみ保育園	2	4
398	1歳_201以上	27	キッズエイド武蔵保育園	1	2
399	1歳_201以上	28	山手保育園清水が丘分園	0	1
400	1歳_201以上	29	やまびこ保育園	2	2
401	1歳_201以上	30	キッズランド府中保育園	1	2
402	1歳_201以上	31	府中保育園分園	1	3
403	1歳_201以上	32	キッズルームこっこ保育園	3	3
404	1歳_201以上	33	府中中河原雲母保育園	0	0
405	1歳_201以上	34	めぐみ第二保育園	×	×
406	1歳_201以上	35	西府の森保育園	4	12
407	1歳_201以上	36	わらしこ第２保育園	2	4
408	1歳_201以上	37	山手こひつじ保育園	6	5
409	1歳_201以上	38	白糸さくらんぼ保育園	3	4
410	1歳_201以上	39	分倍保育園	7	9
411	1歳_201以上	40	光明高倉保育園	11	14
412	1歳_201以上	41	まなびの森保育園中河原	7	4
413	1歳_201以上	42	明桜保育園	4	6
414	1歳_201以上	43	そよかぜハーモニー保育園	1	2
415	1歳_201以上	44	よつば保育園	4	6
416	1歳_201以上	45	第２キッズランド府中保育園	2	4
417	1歳_201以上	46	光明府中南保育園	1	0
418	1歳_201以上	47	アスク府中本町保育園	6	4
419	1歳_201以上	48	太陽の子清水が丘三丁目保育園	2	3
420	1歳_201以上	49	ラフ・クルー分倍河原保育園	6	2
421	1歳_201以上	50	ラフ・クルー分倍河原保育園分園	0	1
422	1歳_201以上	51	このめ保育園	4	4
423	1歳_201以上	52	アスク府中片町保育園	5	2
424	1歳_201以上	53	ふちしらコスモ保育園	10	4
425	1歳_201以上	54	トレジャーキッズぶばい保育園	3	0
426	1歳_201以上	55	まなびの森保育園東府中	5	8
427	1歳_201以上	56	まなびの森保育園府中	12	14
428	1歳_201以上	57	ソラスト府中保育園	8	4
429	1歳_201以上	58	ヴィラまなびの森保育園住吉町	4	3
430	1歳_201以上	59	府中緑町・学びの保育園	2	4
431	1歳_201以上	60	ひよこっこはちまん	×	×
432	1歳_201以上	61	ひよこっこわかまつ	×	0
433	1歳_201以上	62	ねぎし保育園	×	0
434	1歳_最低指数	1	北保育所	200	200
435	1歳_最低指数	2	東保育所	200	200
436	1歳_最低指数	3	西保育所	200	200
437	1歳_最低指数	4	中央保育所	200	170
438	1歳_最低指数	5	北山保育所	201	201
439	1歳_最低指数	6	住吉保育所	200	200
440	1歳_最低指数	7	小柳保育所	×	×
441	1歳_最低指数	8	八幡保育所	173	×
442	1歳_最低指数	9	本町保育所	200	200
443	1歳_最低指数	10	三本木保育所	200	200
444	1歳_最低指数	11	美好保育所	×	200
445	1歳_最低指数	12	府中愛児園	100	150
446	1歳_最低指数	13	南分倍保育園	190	190
447	1歳_最低指数	14	髙安寺保育園	200	200
448	1歳_最低指数	15	千春保育園	150	151
449	1歳_最低指数	16	是政保育園	200	201
450	1歳_最低指数	17	晴見保育園	200	200
451	1歳_最低指数	18	押立保育園	201	200
452	1歳_最低指数	19	府中保育園	202	202
453	1歳_最低指数	20	にじのいろ保育園	145	193
454	1歳_最低指数	21	山手保育園	200	190
455	1歳_最低指数	22	さくらんぼ保育園	200	200
456	1歳_最低指数	23	押立第二保育園	200	200
457	1歳_最低指数	24	わらしこ保育園	200	200
458	1歳_最低指数	25	第２府中保育園	201	180
459	1歳_最低指数	26	府中めぐみ保育園	200	201
460	1歳_最低指数	27	キッズエイド武蔵保育園	190	151
461	1歳_最低指数	28	山手保育園清水が丘分園	×	192
462	1歳_最低指数	29	やまびこ保育園	200	162
463	1歳_最低指数	30	キッズランド府中保育園	200	×
464	1歳_最低指数	31	府中保育園分園	200	201
465	1歳_最低指数	32	キッズルームこっこ保育園	200	200
466	1歳_最低指数	33	府中中河原雲母保育園	153	196
467	1歳_最低指数	34	めぐみ第二保育園	×	×
468	1歳_最低指数	35	西府の森保育園	200	201
469	1歳_最低指数	36	わらしこ第２保育園	151	182
470	1歳_最低指数	37	山手こひつじ保育園	202	201
471	1歳_最低指数	38	白糸さくらんぼ保育園	190	182
472	1歳_最低指数	39	分倍保育園	200	163
473	1歳_最低指数	40	光明高倉保育園	200	201
474	1歳_最低指数	41	まなびの森保育園中河原	200	200
475	1歳_最低指数	42	明桜保育園	154	151
476	1歳_最低指数	43	そよかぜハーモニー保育園	200	200
477	1歳_最低指数	44	よつば保育園	200	202
478	1歳_最低指数	45	第２キッズランド府中保育園	200	204
479	1歳_最低指数	46	光明府中南保育園	160	151
480	1歳_最低指数	47	アスク府中本町保育園	201	200
481	1歳_最低指数	48	太陽の子清水が丘三丁目保育園	200	193
482	1歳_最低指数	49	ラフ・クルー分倍河原保育園	201	200
483	1歳_最低指数	50	ラフ・クルー分倍河原保育園分園	200	200
484	1歳_最低指数	51	このめ保育園	203	203
485	1歳_最低指数	52	アスク府中片町保育園	200	200
486	1歳_最低指数	53	ふちしらコスモ保育園	200	151
487	1歳_最低指数	54	トレジャーキッズぶばい保育園	200	200
488	1歳_最低指数	55	まなびの森保育園東府中	200	201
489	1歳_最低指数	56	まなびの森保育園府中	200	201
490	1歳_最低指数	57	ソラスト府中保育園	200	192
491	1歳_最低指数	58	ヴィラまなびの森保育園住吉町	200	190
492	1歳_最低指数	59	府中緑町・学びの保育園	200	200
493	1歳_最低指数	60	ひよこっこはちまん	×	×
494	1歳_最低指数	61	ひよこっこわかまつ	×	200
495	1歳_最低指数	62	ねぎし保育園	×	151
496	2歳_199以下	1	北保育所	6	9
497	2歳_199以下	2	東保育所	0	0
498	2歳_199以下	3	西保育所	4	4
499	2歳_199以下	4	中央保育所	0	2
500	2歳_199以下	5	北山保育所	0	1
501	2歳_199以下	6	住吉保育所	6	5
502	2歳_199以下	7	小柳保育所	×	×
503	2歳_199以下	8	八幡保育所	0	0
504	2歳_199以下	9	本町保育所	0	0
505	2歳_199以下	10	三本木保育所	0	1
506	2歳_199以下	11	美好保育所	5	6
507	2歳_199以下	12	府中愛児園	1	2
508	2歳_199以下	13	南分倍保育園	1	3
509	2歳_199以下	14	髙安寺保育園	1	0
510	2歳_199以下	15	千春保育園	10	4
511	2歳_199以下	16	是政保育園	×	×
512	2歳_199以下	17	晴見保育園	×	×
513	2歳_199以下	18	押立保育園	0	0
514	2歳_199以下	19	府中保育園	×	×
515	2歳_199以下	20	にじのいろ保育園	×	0
516	2歳_199以下	21	山手保育園	0	0
517	2歳_199以下	22	さくらんぼ保育園	0	0
518	2歳_199以下	23	押立第二保育園	3	0
519	2歳_199以下	24	わらしこ保育園	0	0
520	2歳_199以下	25	第２府中保育園	4	3
521	2歳_199以下	26	府中めぐみ保育園	×	×
522	2歳_199以下	27	キッズエイド武蔵保育園	2	2
523	2歳_199以下	28	山手保育園清水が丘分園	0	2
524	2歳_199以下	29	やまびこ保育園	×	0
525	2歳_199以下	30	キッズランド府中保育園	1	1
526	2歳_199以下	31	府中保育園分園	-	-
527	2歳_199以下	32	キッズルームこっこ保育園	0	0
528	2歳_199以下	33	府中中河原雲母保育園	×	×
529	2歳_199以下	34	めぐみ第二保育園	2	2
530	2歳_199以下	35	西府の森保育園	0	0
531	2歳_199以下	36	わらしこ第２保育園	×	0
532	2歳_199以下	37	山手こひつじ保育園	1	×
533	2歳_199以下	38	白糸さくらんぼ保育園	0	0
534	2歳_199以下	39	分倍保育園	2	3
535	2歳_199以下	40	光明高倉保育園	0	0
536	2歳_199以下	41	まなびの森保育園中河原	1	×
537	2歳_199以下	42	明桜保育園	×	×
538	2歳_199以下	43	そよかぜハーモニー保育園	0	0
539	2歳_199以下	44	よつば保育園	0	0
540	2歳_199以下	45	第２キッズランド府中保育園	0	0
541	2歳_199以下	46	光明府中南保育園	×	2
542	2歳_199以下	47	アスク府中本町保育園	0	2
543	2歳_199以下	48	太陽の子清水が丘三丁目保育園	×	×
544	2歳_199以下	49	ラフ・クルー分倍河原保育園	0	0
545	2歳_199以下	50	ラフ・クルー分倍河原保育園分園	0	0
546	2歳_199以下	51	このめ保育園	0	0
547	2歳_199以下	52	アスク府中片町保育園	0	1
548	2歳_199以下	53	ふちしらコスモ保育園	×	0
549	2歳_199以下	54	トレジャーキッズぶばい保育園	1	×
550	2歳_199以下	55	まなびの森保育園東府中	0	×
551	2歳_199以下	56	まなびの森保育園府中	0	0
552	2歳_199以下	57	ソラスト府中保育園	0	0
553	2歳_199以下	58	ヴィラまなびの森保育園住吉町	×	1
554	2歳_199以下	59	府中緑町・学びの保育園	0	×
555	2歳_199以下	60	ひよこっこはちまん	0	0
556	2歳_199以下	61	ひよこっこわかまつ	0	0
557	2歳_199以下	62	ねぎし保育園	0	0
558	2歳_200	1	北保育所	2	0
559	2歳_200	2	東保育所	1	0
560	2歳_200	3	西保育所	0	1
561	2歳_200	4	中央保育所	0	0
562	2歳_200	5	北山保育所	1	0
563	2歳_200	6	住吉保育所	1	0
564	2歳_200	7	小柳保育所	×	×
565	2歳_200	8	八幡保育所	0	0
566	2歳_200	9	本町保育所	0	0
567	2歳_200	10	三本木保育所	0	1
568	2歳_200	11	美好保育所	0	1
569	2歳_200	12	府中愛児園	1	1
570	2歳_200	13	南分倍保育園	0	0
571	2歳_200	14	髙安寺保育園	2	0
572	2歳_200	15	千春保育園	0	0
573	2歳_200	16	是政保育園	×	×
574	2歳_200	17	晴見保育園	×	×
575	2歳_200	18	押立保育園	0	0
576	2歳_200	19	府中保育園	×	×
577	2歳_200	20	にじのいろ保育園	×	0
578	2歳_200	21	山手保育園	0	0
579	2歳_200	22	さくらんぼ保育園	1	0
580	2歳_200	23	押立第二保育園	0	0
581	2歳_200	24	わらしこ保育園	0	0
582	2歳_200	25	第２府中保育園	0	0
583	2歳_200	26	府中めぐみ保育園	×	×
584	2歳_200	27	キッズエイド武蔵保育園	0	1
585	2歳_200	28	山手保育園清水が丘分園	0	0
586	2歳_200	29	やまびこ保育園	×	0
587	2歳_200	30	キッズランド府中保育園	0	0
588	2歳_200	31	府中保育園分園	-	-
589	2歳_200	32	キッズルームこっこ保育園	0	0
590	2歳_200	33	府中中河原雲母保育園	×	×
591	2歳_200	34	めぐみ第二保育園	2	2
592	2歳_200	35	西府の森保育園	2	0
593	2歳_200	36	わらしこ第２保育園	×	2
594	2歳_200	37	山手こひつじ保育園	1	×
595	2歳_200	38	白糸さくらんぼ保育園	0	3
596	2歳_200	39	分倍保育園	0	0
597	2歳_200	40	光明高倉保育園	1	0
598	2歳_200	41	まなびの森保育園中河原	3	×
599	2歳_200	42	明桜保育園	×	×
600	2歳_200	43	そよかぜハーモニー保育園	0	0
601	2歳_200	44	よつば保育園	0	0
602	2歳_200	45	第２キッズランド府中保育園	0	0
603	2歳_200	46	光明府中南保育園	×	0
604	2歳_200	47	アスク府中本町保育園	1	1
605	2歳_200	48	太陽の子清水が丘三丁目保育園	×	×
606	2歳_200	49	ラフ・クルー分倍河原保育園	0	0
607	2歳_200	50	ラフ・クルー分倍河原保育園分園	0	0
608	2歳_200	51	このめ保育園	0	0
609	2歳_200	52	アスク府中片町保育園	1	0
610	2歳_200	53	ふちしらコスモ保育園	×	0
611	2歳_200	54	トレジャーキッズぶばい保育園	0	×
612	2歳_200	55	まなびの森保育園東府中	0	×
613	2歳_200	56	まなびの森保育園府中	0	0
614	2歳_200	57	ソラスト府中保育園	0	0
615	2歳_200	58	ヴィラまなびの森保育園住吉町	×	1
616	2歳_200	59	府中緑町・学びの保育園	0	×
617	2歳_200	60	ひよこっこはちまん	0	0
618	2歳_200	61	ひよこっこわかまつ	0	0
619	2歳_200	62	ねぎし保育園	0	0
620	2歳_201以上	1	北保育所	2	1
621	2歳_201以上	2	東保育所	3	3
622	2歳_201以上	3	西保育所	1	0
623	2歳_201以上	4	中央保育所	3	1
624	2歳_201以上	5	北山保育所	4	4
625	2歳_201以上	6	住吉保育所	1	2
626	2歳_201以上	7	小柳保育所	×	×
627	2歳_201以上	8	八幡保育所	0	0
628	2歳_201以上	9	本町保育所	2	2
629	2歳_201以上	10	三本木保育所	4	2
630	2歳_201以上	11	美好保育所	1	2
631	2歳_201以上	12	府中愛児園	0	3
632	2歳_201以上	13	南分倍保育園	3	0
633	2歳_201以上	14	髙安寺保育園	1	4
634	2歳_201以上	15	千春保育園	2	1
635	2歳_201以上	16	是政保育園	×	×
636	2歳_201以上	17	晴見保育園	×	×
637	2歳_201以上	18	押立保育園	2	2
638	2歳_201以上	19	府中保育園	×	×
639	2歳_201以上	20	にじのいろ保育園	×	2
640	2歳_201以上	21	山手保育園	0	0
641	2歳_201以上	22	さくらんぼ保育園	1	2
642	2歳_201以上	23	押立第二保育園	1	3
643	2歳_201以上	24	わらしこ保育園	0	0
644	2歳_201以上	25	第２府中保育園	1	1
645	2歳_201以上	26	府中めぐみ保育園	×	×
646	2歳_201以上	27	キッズエイド武蔵保育園	0	0
647	2歳_201以上	28	山手保育園清水が丘分園	0	0
648	2歳_201以上	29	やまびこ保育園	×	0
649	2歳_201以上	30	キッズランド府中保育園	1	1
650	2歳_201以上	31	府中保育園分園	-	-
651	2歳_201以上	32	キッズルームこっこ保育園	0	0
652	2歳_201以上	33	府中中河原雲母保育園	×	×
653	2歳_201以上	34	めぐみ第二保育園	2	1
654	2歳_201以上	35	西府の森保育園	0	2
655	2歳_201以上	36	わらしこ第２保育園	×	0
656	2歳_201以上	37	山手こひつじ保育園	0	×
657	2歳_201以上	38	白糸さくらんぼ保育園	3	0
658	2歳_201以上	39	分倍保育園	2	1
659	2歳_201以上	40	光明高倉保育園	1	3
660	2歳_201以上	41	まなびの森保育園中河原	2	×
661	2歳_201以上	42	明桜保育園	×	×
662	2歳_201以上	43	そよかぜハーモニー保育園	0	0
663	2歳_201以上	44	よつば保育園	3	3
664	2歳_201以上	45	第２キッズランド府中保育園	3	2
665	2歳_201以上	46	光明府中南保育園	×	0
666	2歳_201以上	47	アスク府中本町保育園	1	0
667	2歳_201以上	48	太陽の子清水が丘三丁目保育園	×	×
668	2歳_201以上	49	ラフ・クルー分倍河原保育園	0	0
669	2歳_201以上	50	ラフ・クルー分倍河原保育園分園	0	0
670	2歳_201以上	51	このめ保育園	3	2
671	2歳_201以上	52	アスク府中片町保育園	1	1
672	2歳_201以上	53	ふちしらコスモ保育園	×	2
673	2歳_201以上	54	トレジャーキッズぶばい保育園	2	×
674	2歳_201以上	55	まなびの森保育園東府中	2	×
675	2歳_201以上	56	まなびの森保育園府中	2	2
676	2歳_201以上	57	ソラスト府中保育園	0	2
677	2歳_201以上	58	ヴィラまなびの森保育園住吉町	×	0
678	2歳_201以上	59	府中緑町・学びの保育園	2	×
679	2歳_201以上	60	ひよこっこはちまん	0	0
680	2歳_201以上	61	ひよこっこわかまつ	0	0
681	2歳_201以上	62	ねぎし保育園	0	0
682	2歳_最低指数	1	北保育所	170	150
683	2歳_最低指数	2	東保育所	200	202
684	2歳_最低指数	3	西保育所	150	151
685	2歳_最低指数	4	中央保育所	203	196
686	2歳_最低指数	5	北山保育所	200	193
687	2歳_最低指数	6	住吉保育所	153	80
688	2歳_最低指数	7	小柳保育所	×	×
689	2歳_最低指数	8	八幡保育所	-	-
690	2歳_最低指数	9	本町保育所	×	×
691	2歳_最低指数	10	三本木保育所	201	183
692	2歳_最低指数	11	美好保育所	146	150
693	2歳_最低指数	12	府中愛児園	×	183
694	2歳_最低指数	13	南分倍保育園	174	182
695	2歳_最低指数	14	髙安寺保育園	193	203
696	2歳_最低指数	15	千春保育園	148	131
697	2歳_最低指数	16	是政保育園	×	×
698	2歳_最低指数	17	晴見保育園	×	×
699	2歳_最低指数	18	押立保育園	×	×
700	2歳_最低指数	19	府中保育園	×	×
701	2歳_最低指数	20	にじのいろ保育園	×	×
702	2歳_最低指数	21	山手保育園	-	-
703	2歳_最低指数	22	さくらんぼ保育園	200	×
704	2歳_最低指数	23	押立第二保育園	134	201
705	2歳_最低指数	24	わらしこ保育園	-	-
706	2歳_最低指数	25	第２府中保育園	183	150
707	2歳_最低指数	26	府中めぐみ保育園	×	×
708	2歳_最低指数	27	キッズエイド武蔵保育園	×	191
709	2歳_最低指数	28	山手保育園清水が丘分園	-	×
710	2歳_最低指数	29	やまびこ保育園	×	-
711	2歳_最低指数	30	キッズランド府中保育園	×	×
712	2歳_最低指数	31	府中保育園分園	-	-
713	2歳_最低指数	32	キッズルームこっこ保育園	-	-
714	2歳_最低指数	33	府中中河原雲母保育園	×	×
715	2歳_最低指数	34	めぐみ第二保育園	182	171
716	2歳_最低指数	35	西府の森保育園	200	×
717	2歳_最低指数	36	わらしこ第２保育園	×	200
718	2歳_最低指数	37	山手こひつじ保育園	×	×
719	2歳_最低指数	38	白糸さくらんぼ保育園	201	200
720	2歳_最低指数	39	分倍保育園	180	189
721	2歳_最低指数	40	光明高倉保育園	200	202
722	2歳_最低指数	41	まなびの森保育園中河原	183	×
723	2歳_最低指数	42	明桜保育園	×	×
724	2歳_最低指数	43	そよかぜハーモニー保育園	-	-
725	2歳_最低指数	44	よつば保育園	202	202
726	2歳_最低指数	45	第２キッズランド府中保育園	203	×
727	2歳_最低指数	46	光明府中南保育園	×	×
728	2歳_最低指数	47	アスク府中本町保育園	200	160
729	2歳_最低指数	48	太陽の子清水が丘三丁目保育園	×	×
730	2歳_最低指数	49	ラフ・クルー分倍河原保育園	-	-
731	2歳_最低指数	50	ラフ・クルー分倍河原保育園分園	-	-
732	2歳_最低指数	51	このめ保育園	203	×
733	2歳_最低指数	52	アスク府中片町保育園	200	×
734	2歳_最低指数	53	ふちしらコスモ保育園	×	×
735	2歳_最低指数	54	トレジャーキッズぶばい保育園	190	×
736	2歳_最低指数	55	まなびの森保育園東府中	×	×
737	2歳_最低指数	56	まなびの森保育園府中	×	×
738	2歳_最低指数	57	ソラスト府中保育園	-	×
739	2歳_最低指数	58	ヴィラまなびの森保育園住吉町	×	×
740	2歳_最低指数	59	府中緑町・学びの保育園	×	×
741	2歳_最低指数	60	ひよこっこはちまん	-	-
742	2歳_最低指数	61	ひよこっこわかまつ	-	-
743	2歳_最低指数	62	ねぎし保育園	-	-
744	3歳_199以下	1	北保育所	0	2
745	3歳_199以下	2	東保育所	0	×
746	3歳_199以下	3	西保育所	1	0
747	3歳_199以下	4	中央保育所	1	2
748	3歳_199以下	5	北山保育所	0	×
749	3歳_199以下	6	住吉保育所	4	0
750	3歳_199以下	7	小柳保育所	6	2
751	3歳_199以下	8	八幡保育所	3	×
752	3歳_199以下	9	本町保育所	9	2
753	3歳_199以下	10	三本木保育所	0	×
754	3歳_199以下	11	美好保育所	2	×
755	3歳_199以下	12	府中愛児園	7	0
756	3歳_199以下	13	南分倍保育園	4	3
757	3歳_199以下	14	髙安寺保育園	11	3
758	3歳_199以下	15	千春保育園	1	1
759	3歳_199以下	16	是政保育園	0	0
760	3歳_199以下	17	晴見保育園	0	0
761	3歳_199以下	18	押立保育園	0	0
762	3歳_199以下	19	府中保育園	2	0
763	3歳_199以下	20	にじのいろ保育園	0	0
764	3歳_199以下	21	山手保育園	-	-
765	3歳_199以下	22	さくらんぼ保育園	0	×
766	3歳_199以下	23	押立第二保育園	1	×
767	3歳_199以下	24	わらしこ保育園	0	0
768	3歳_199以下	25	第２府中保育園	0	0
769	3歳_199以下	26	府中めぐみ保育園	-	-
770	3歳_199以下	27	キッズエイド武蔵保育園	0	×
771	3歳_199以下	28	山手保育園清水が丘分園	-	-
772	3歳_199以下	29	やまびこ保育園	0	0
773	3歳_199以下	30	キッズランド府中保育園	×	×
774	3歳_199以下	31	府中保育園分園	-	-
775	3歳_199以下	32	キッズルームこっこ保育園	2	×
776	3歳_199以下	33	府中中河原雲母保育園	×	2
777	3歳_199以下	34	めぐみ第二保育園	×	0
778	3歳_199以下	35	西府の森保育園	0	0
779	3歳_199以下	36	わらしこ第２保育園	0	×
780	3歳_199以下	37	山手こひつじ保育園	5	1
781	3歳_199以下	38	白糸さくらんぼ保育園	2	0
782	3歳_199以下	39	分倍保育園	4	4
783	3歳_199以下	40	光明高倉保育園	0	×
784	3歳_199以下	41	まなびの森保育園中河原	0	0
785	3歳_199以下	42	明桜保育園	2	×
786	3歳_199以下	43	そよかぜハーモニー保育園	0	×
787	3歳_199以下	44	よつば保育園	×	0
788	3歳_199以下	45	第２キッズランド府中保育園	0	0
789	3歳_199以下	46	光明府中南保育園	-	-
790	3歳_199以下	47	アスク府中本町保育園	1	×
791	3歳_199以下	48	太陽の子清水が丘三丁目保育園	1	2
792	3歳_199以下	49	ラフ・クルー分倍河原保育園	0	0
793	3歳_199以下	50	ラフ・クルー分倍河原保育園分園	-	-
794	3歳_199以下	51	このめ保育園	0	0
795	3歳_199以下	52	アスク府中片町保育園	2	0
796	3歳_199以下	53	ふちしらコスモ保育園	1	0
797	3歳_199以下	54	トレジャーキッズぶばい保育園	×	0
798	3歳_199以下	55	まなびの森保育園東府中	×	0
799	3歳_199以下	56	まなびの森保育園府中	0	0
800	3歳_199以下	57	ソラスト府中保育園	×	2
801	3歳_199以下	58	ヴィラまなびの森保育園住吉町	0	1
802	3歳_199以下	59	府中緑町・学びの保育園	2	0
803	3歳_199以下	60	ひよこっこはちまん	-	-
804	3歳_199以下	61	ひよこっこわかまつ	-	-
805	3歳_199以下	62	ねぎし保育園	-	-
806	3歳_200	1	北保育所	0	0
807	3歳_200	2	東保育所	0	×
808	3歳_200	3	西保育所	1	1
809	3歳_200	4	中央保育所	0	0
810	3歳_200	5	北山保育所	0	×
811	3歳_200	6	住吉保育所	0	1
812	3歳_200	7	小柳保育所	0	1
813	3歳_200	8	八幡保育所	1	×
814	3歳_200	9	本町保育所	0	0
815	3歳_200	10	三本木保育所	0	×
816	3歳_200	11	美好保育所	0	×
817	3歳_200	12	府中愛児園	1	0
818	3歳_200	13	南分倍保育園	0	0
819	3歳_200	14	髙安寺保育園	1	1
820	3歳_200	15	千春保育園	0	0
821	3歳_200	16	是政保育園	0	0
822	3歳_200	17	晴見保育園	0	0
823	3歳_200	18	押立保育園	0	0
824	3歳_200	19	府中保育園	0	0
825	3歳_200	20	にじのいろ保育園	0	0
826	3歳_200	21	山手保育園	-	-
827	3歳_200	22	さくらんぼ保育園	0	×
828	3歳_200	23	押立第二保育園	0	×
829	3歳_200	24	わらしこ保育園	0	0
830	3歳_200	25	第２府中保育園	0	0
831	3歳_200	26	府中めぐみ保育園	-	-
832	3歳_200	27	キッズエイド武蔵保育園	0	×
833	3歳_200	28	山手保育園清水が丘分園	-	-
834	3歳_200	29	やまびこ保育園	0	0
835	3歳_200	30	キッズランド府中保育園	×	×
836	3歳_200	31	府中保育園分園	-	-
837	3歳_200	32	キッズルームこっこ保育園	0	×
838	3歳_200	33	府中中河原雲母保育園	×	0
839	3歳_200	34	めぐみ第二保育園	×	0
840	3歳_200	35	西府の森保育園	0	0
841	3歳_200	36	わらしこ第２保育園	0	×
842	3歳_200	37	山手こひつじ保育園	4	0
843	3歳_200	38	白糸さくらんぼ保育園	0	0
844	3歳_200	39	分倍保育園	0	0
845	3歳_200	40	光明高倉保育園	5	×
846	3歳_200	41	まなびの森保育園中河原	0	0
847	3歳_200	42	明桜保育園	0	×
848	3歳_200	43	そよかぜハーモニー保育園	0	×
849	3歳_200	44	よつば保育園	×	0
850	3歳_200	45	第２キッズランド府中保育園	0	0
851	3歳_200	46	光明府中南保育園	-	-
852	3歳_200	47	アスク府中本町保育園	1	×
853	3歳_200	48	太陽の子清水が丘三丁目保育園	1	0
854	3歳_200	49	ラフ・クルー分倍河原保育園	1	0
855	3歳_200	50	ラフ・クルー分倍河原保育園分園	-	-
856	3歳_200	51	このめ保育園	1	0
857	3歳_200	52	アスク府中片町保育園	1	0
858	3歳_200	53	ふちしらコスモ保育園	0	0
859	3歳_200	54	トレジャーキッズぶばい保育園	×	0
860	3歳_200	55	まなびの森保育園東府中	×	0
861	3歳_200	56	まなびの森保育園府中	2	0
862	3歳_200	57	ソラスト府中保育園	×	0
863	3歳_200	58	ヴィラまなびの森保育園住吉町	0	0
864	3歳_200	59	府中緑町・学びの保育園	1	0
865	3歳_200	60	ひよこっこはちまん	-	-
866	3歳_200	61	ひよこっこわかまつ	-	-
867	3歳_200	62	ねぎし保育園	-	-
868	3歳_201以上	1	北保育所	0	0
869	3歳_201以上	2	東保育所	2	×
870	3歳_201以上	3	西保育所	1	1
871	3歳_201以上	4	中央保育所	1	0
872	3歳_201以上	5	北山保育所	2	×
873	3歳_201以上	6	住吉保育所	0	1
874	3歳_201以上	7	小柳保育所	1	1
875	3歳_201以上	8	八幡保育所	2	×
876	3歳_201以上	9	本町保育所	0	2
877	3歳_201以上	10	三本木保育所	3	×
878	3歳_201以上	11	美好保育所	0	×
879	3歳_201以上	12	府中愛児園	3	2
880	3歳_201以上	13	南分倍保育園	0	0
881	3歳_201以上	14	髙安寺保育園	0	4
882	3歳_201以上	15	千春保育園	1	1
883	3歳_201以上	16	是政保育園	0	0
884	3歳_201以上	17	晴見保育園	0	0
885	3歳_201以上	18	押立保育園	4	3
886	3歳_201以上	19	府中保育園	1	3
887	3歳_201以上	20	にじのいろ保育園	0	0
888	3歳_201以上	21	山手保育園	-	-
889	3歳_201以上	22	さくらんぼ保育園	0	×
890	3歳_201以上	23	押立第二保育園	1	×
891	3歳_201以上	24	わらしこ保育園	3	0
892	3歳_201以上	25	第２府中保育園	3	3
893	3歳_201以上	26	府中めぐみ保育園	-	-
894	3歳_201以上	27	キッズエイド武蔵保育園	0	×
895	3歳_201以上	28	山手保育園清水が丘分園	-	-
896	3歳_201以上	29	やまびこ保育園	0	0
897	3歳_201以上	30	キッズランド府中保育園	×	×
898	3歳_201以上	31	府中保育園分園	-	-
899	3歳_201以上	32	キッズルームこっこ保育園	1	×
900	3歳_201以上	33	府中中河原雲母保育園	×	0
901	3歳_201以上	34	めぐみ第二保育園	×	2
902	3歳_201以上	35	西府の森保育園	0	0
903	3歳_201以上	36	わらしこ第２保育園	0	×
904	3歳_201以上	37	山手こひつじ保育園	2	1
905	3歳_201以上	38	白糸さくらんぼ保育園	2	0
906	3歳_201以上	39	分倍保育園	3	1
907	3歳_201以上	40	光明高倉保育園	2	×
908	3歳_201以上	41	まなびの森保育園中河原	2	0
909	3歳_201以上	42	明桜保育園	1	×
910	3歳_201以上	43	そよかぜハーモニー保育園	0	×
911	3歳_201以上	44	よつば保育園	×	2
912	3歳_201以上	45	第２キッズランド府中保育園	3	0
913	3歳_201以上	46	光明府中南保育園	-	-
914	3歳_201以上	47	アスク府中本町保育園	1	×
915	3歳_201以上	48	太陽の子清水が丘三丁目保育園	0	0
916	3歳_201以上	49	ラフ・クルー分倍河原保育園	1	0
917	3歳_201以上	50	ラフ・クルー分倍河原保育園分園	-	-
918	3歳_201以上	51	このめ保育園	3	2
919	3歳_201以上	52	アスク府中片町保育園	1	0
920	3歳_201以上	53	ふちしらコスモ保育園	2	0
921	3歳_201以上	54	トレジャーキッズぶばい保育園	×	0
922	3歳_201以上	55	まなびの森保育園東府中	×	0
923	3歳_201以上	56	まなびの森保育園府中	0	0
924	3歳_201以上	57	ソラスト府中保育園	×	0
925	3歳_201以上	58	ヴィラまなびの森保育園住吉町	3	2
926	3歳_201以上	59	府中緑町・学びの保育園	2	2
927	3歳_201以上	60	ひよこっこはちまん	-	-
928	3歳_201以上	61	ひよこっこわかまつ	-	-
929	3歳_201以上	62	ねぎし保育園	-	-
930	3歳_最低指数	1	北保育所	-	×
931	3歳_最低指数	2	東保育所	×	×
932	3歳_最低指数	3	西保育所	182	200
933	3歳_最低指数	4	中央保育所	×	×
934	3歳_最低指数	5	北山保育所	×	×
935	3歳_最低指数	6	住吉保育所	163	200
936	3歳_最低指数	7	小柳保育所	160	150
937	3歳_最低指数	8	八幡保育所	173	×
938	3歳_最低指数	9	本町保育所	116	150
939	3歳_最低指数	10	三本木保育所	201	×
940	3歳_最低指数	11	美好保育所	×	×
941	3歳_最低指数	12	府中愛児園	149	×
942	3歳_最低指数	13	南分倍保育園	170	160
943	3歳_最低指数	14	髙安寺保育園	151	154
944	3歳_最低指数	15	千春保育園	×	×
945	3歳_最低指数	16	是政保育園	-	-
946	3歳_最低指数	17	晴見保育園	-	-
947	3歳_最低指数	18	押立保育園	201	203
948	3歳_最低指数	19	府中保育園	184	203
949	3歳_最低指数	20	にじのいろ保育園	-	-
950	3歳_最低指数	21	山手保育園	-	-
951	3歳_最低指数	22	さくらんぼ保育園	-	×
952	3歳_最低指数	23	押立第二保育園	×	×
953	3歳_最低指数	24	わらしこ保育園	203	-
954	3歳_最低指数	25	第２府中保育園	203	201
955	3歳_最低指数	26	府中めぐみ保育園	-	-
956	3歳_最低指数	27	キッズエイド武蔵保育園	-	×
957	3歳_最低指数	28	山手保育園清水が丘分園	-	-
958	3歳_最低指数	29	やまびこ保育園	-	-
959	3歳_最低指数	30	キッズランド府中保育園	×	×
960	3歳_最低指数	31	府中保育園分園	-	-
961	3歳_最低指数	32	キッズルームこっこ保育園	153	×
962	3歳_最低指数	33	府中中河原雲母保育園	×	×
963	3歳_最低指数	34	めぐみ第二保育園	×	×
964	3歳_最低指数	35	西府の森保育園	-	-
965	3歳_最低指数	36	わらしこ第２保育園	-	×
966	3歳_最低指数	37	山手こひつじ保育園	190	×
967	3歳_最低指数	38	白糸さくらんぼ保育園	193	-
968	3歳_最低指数	39	分倍保育園	120	163
969	3歳_最低指数	40	光明高倉保育園	200	×
970	3歳_最低指数	41	まなびの森保育園中河原	×	-
971	3歳_最低指数	42	明桜保育園	154	×
972	3歳_最低指数	43	そよかぜハーモニー保育園	-	×
973	3歳_最低指数	44	よつば保育園	×	×
974	3歳_最低指数	45	第２キッズランド府中保育園	201	-
975	3歳_最低指数	46	光明府中南保育園	-	-
976	3歳_最低指数	47	アスク府中本町保育園	168	×
977	3歳_最低指数	48	太陽の子清水が丘三丁目保育園	×	×
978	3歳_最低指数	49	ラフ・クルー分倍河原保育園	200	-
979	3歳_最低指数	50	ラフ・クルー分倍河原保育園分園	-	-
980	3歳_最低指数	51	このめ保育園	200	×
981	3歳_最低指数	52	アスク府中片町保育園	192	-
982	3歳_最低指数	53	ふちしらコスモ保育園	192	-
983	3歳_最低指数	54	トレジャーキッズぶばい保育園	×	-
984	3歳_最低指数	55	まなびの森保育園東府中	×	-
985	3歳_最低指数	56	まなびの森保育園府中	200	-
986	3歳_最低指数	57	ソラスト府中保育園	×	×
987	3歳_最低指数	58	ヴィラまなびの森保育園住吉町	202	184
988	3歳_最低指数	59	府中緑町・学びの保育園	190	×
989	3歳_最低指数	60	ひよこっこはちまん	-	-
990	3歳_最低指数	61	ひよこっこわかまつ	-	-
991	3歳_最低指数	62	ねぎし保育園	-	-
0	0歳_のべ申込者数	1	北保育所	20	23
1	0歳_のべ申込者数	2	東保育所	35	32
2	0歳_のべ申込者数	3	西保育所	39	25
3	0歳_のべ申込者数	4	中央保育所	19	20
4	0歳_のべ申込者数	5	北山保育所	8	13
5	0歳_のべ申込者数	6	住吉保育所	29	21
6	0歳_のべ申込者数	7	小柳保育所	17	14
7	0歳_のべ申込者数	8	八幡保育所	20	11
8	0歳_のべ申込者数	9	本町保育所	19	31
9	0歳_のべ申込者数	10	三本木保育所	48	31
10	0歳_のべ申込者数	11	美好保育所	39	26
11	0歳_のべ申込者数	12	府中愛児園	55	37
12	0歳_のべ申込者数	13	南分倍保育園	17	19
13	0歳_のべ申込者数	14	髙安寺保育園	49	47
14	0歳_のべ申込者数	15	千春保育園	9	11
15	0歳_のべ申込者数	16	是政保育園	35	26
16	0歳_のべ申込者数	17	晴見保育園	25	28
17	0歳_のべ申込者数	18	押立保育園	37	26
18	0歳_のべ申込者数	19	府中保育園	-	-
19	0歳_のべ申込者数	20	にじのいろ保育園	23	14
20	0歳_のべ申込者数	21	山手保育園	22	23
21	0歳_のべ申込者数	22	さくらんぼ保育園	24	21
22	0歳_のべ申込者数	23	押立第二保育園	33	23
23	0歳_のべ申込者数	24	わらしこ保育園	16	20
24	0歳_のべ申込者数	25	第２府中保育園	9	12
25	0歳_のべ申込者数	26	府中めぐみ保育園	55	48
26	0歳_のべ申込者数	27	キッズエイド武蔵保育園	13	15
27	0歳_のべ申込者数	28	山手保育園清水が丘分園	15	15
28	0歳_のべ申込者数	29	やまびこ保育園	6	7
29	0歳_のべ申込者数	30	キッズランド府中保育園	28	27
30	0歳_のべ申込者数	31	府中保育園分園	29	34
31	0歳_のべ申込者数	32	キッズルームこっこ保育園	21	20
32	0歳_のべ申込者数	33	府中中河原雲母保育園	24	28
33	0歳_のべ申込者数	34	めぐみ第二保育園	20	26
34	0歳_のべ申込者数	35	西府の森保育園	-	-
35	0歳_のべ申込者数	36	わらしこ第２保育園	19	15
36	0歳_のべ申込者数	37	山手こひつじ保育園	27	30
37	0歳_のべ申込者数	38	白糸さくらんぼ保育園	21	12
38	0歳_のべ申込者数	39	分倍保育園	30	24
39	0歳_のべ申込者数	40	光明高倉保育園	46	54
40	0歳_のべ申込者数	41	まなびの森保育園中河原	30	29
41	0歳_のべ申込者数	42	明桜保育園	11	15
42	0歳_のべ申込者数	43	そよかぜハーモニー保育園	22	22
43	0歳_のべ申込者数	44	よつば保育園	48	36
44	0歳_のべ申込者数	45	第２キッズランド府中保育園	50	39
45	0歳_のべ申込者数	46	光明府中南保育園	22	29
46	0歳_のべ申込者数	47	アスク府中本町保育園	26	33
47	0歳_のべ申込者数	48	太陽の子清水が丘三丁目保育園	34	19
48	0歳_のべ申込者数	49	ラフ・クルー分倍河原保育園	43	32
49	0歳_のべ申込者数	50	ラフ・クルー分倍河原保育園分園	37	29
50	0歳_のべ申込者数	51	このめ保育園	67	61
51	0歳_のべ申込者数	52	アスク府中片町保育園	41	51
52	0歳_のべ申込者数	53	ふちしらコスモ保育園	21	17
53	0歳_のべ申込者数	54	トレジャーキッズぶばい保育園	42	33
54	0歳_のべ申込者数	55	まなびの森保育園東府中	45	39
55	0歳_のべ申込者数	56	まなびの森保育園府中	70	64
56	0歳_のべ申込者数	57	ソラスト府中保育園	24	24
57	0歳_のべ申込者数	58	ヴィラまなびの森保育園住吉町	29	28
58	0歳_のべ申込者数	59	府中緑町・学びの保育園	38	23
59	0歳_のべ申込者数	60	ひよこっこはちまん	0	2
60	0歳_のべ申込者数	61	ひよこっこわかまつ	2	1
61	0歳_のべ申込者数	62	ねぎし保育園	7	8
62	1歳_のべ申込者数	1	北保育所	21	23
63	1歳_のべ申込者数	2	東保育所	55	52
64	1歳_のべ申込者数	3	西保育所	52	43
65	1歳_のべ申込者数	4	中央保育所	31	21
66	1歳_のべ申込者数	5	北山保育所	15	15
67	1歳_のべ申込者数	6	住吉保育所	34	43
68	1歳_のべ申込者数	7	小柳保育所	30	22
69	1歳_のべ申込者数	8	八幡保育所	19	19
70	1歳_のべ申込者数	9	本町保育所	46	38
71	1歳_のべ申込者数	10	三本木保育所	59	52
72	1歳_のべ申込者数	11	美好保育所	48	33
73	1歳_のべ申込者数	12	府中愛児園	86	79
74	1歳_のべ申込者数	13	南分倍保育園	24	30
75	1歳_のべ申込者数	14	髙安寺保育園	73	60
76	1歳_のべ申込者数	15	千春保育園	12	15
77	1歳_のべ申込者数	16	是政保育園	18	33
78	1歳_のべ申込者数	17	晴見保育園	41	34
79	1歳_のべ申込者数	18	押立保育園	72	47
80	1歳_のべ申込者数	19	府中保育園	66	73
81	1歳_のべ申込者数	20	にじのいろ保育園	13	17
82	1歳_のべ申込者数	21	山手保育園	41	38
83	1歳_のべ申込者数	22	さくらんぼ保育園	36	38
84	1歳_のべ申込者数	23	押立第二保育園	65	42
85	1歳_のべ申込者数	24	わらしこ保育園	27	24
86	1歳_のべ申込者数	25	第２府中保育園	17	13
87	1歳_のべ申込者数	26	府中めぐみ保育園	74	67
88	1歳_のべ申込者数	27	キッズエイド武蔵保育園	29	18
89	1歳_のべ申込者数	28	山手保育園清水が丘分園	17	27
90	1歳_のべ申込者数	29	やまびこ保育園	8	9
91	1歳_のべ申込者数	30	キッズランド府中保育園	30	37
92	1歳_のべ申込者数	31	府中保育園分園	27	33
93	1歳_のべ申込者数	32	キッズルームこっこ保育園	58	43
94	1歳_のべ申込者数	33	府中中河原雲母保育園	20	25
95	1歳_のべ申込者数	34	めぐみ第二保育園	19	23
96	1歳_のべ申込者数	35	西府の森保育園	59	53
97	1歳_のべ申込者数	36	わらしこ第２保育園	27	35
98	1歳_のべ申込者数	37	山手こひつじ保育園	65	47
99	1歳_のべ申込者数	38	白糸さくらんぼ保育園	35	29
100	1歳_のべ申込者数	39	分倍保育園	45	31
101	1歳_のべ申込者数	40	光明高倉保育園	98	93
102	1歳_のべ申込者数	41	まなびの森保育園中河原	48	39
103	1歳_のべ申込者数	42	明桜保育園	23	32
104	1歳_のべ申込者数	43	そよかぜハーモニー保育園	45	41
105	1歳_のべ申込者数	44	よつば保育園	58	54
106	1歳_のべ申込者数	45	第２キッズランド府中保育園	60	55
107	1歳_のべ申込者数	46	光明府中南保育園	60	49
108	1歳_のべ申込者数	47	アスク府中本町保育園	52	56
109	1歳_のべ申込者数	48	太陽の子清水が丘三丁目保育園	54	37
110	1歳_のべ申込者数	49	ラフ・クルー分倍河原保育園	63	56
111	1歳_のべ申込者数	50	ラフ・クルー分倍河原保育園分園	48	34
112	1歳_のべ申込者数	51	このめ保育園	100	98
113	1歳_のべ申込者数	52	アスク府中片町保育園	82	76
114	1歳_のべ申込者数	53	ふちしらコスモ保育園	52	32
115	1歳_のべ申込者数	54	トレジャーキッズぶばい保育園	62	41
116	1歳_のべ申込者数	55	まなびの森保育園東府中	99	74
117	1歳_のべ申込者数	56	まなびの森保育園府中	85	91
118	1歳_のべ申込者数	57	ソラスト府中保育園	49	42
119	1歳_のべ申込者数	58	ヴィラまなびの森保育園住吉町	47	43
120	1歳_のべ申込者数	59	府中緑町・学びの保育園	58	63
121	1歳_のべ申込者数	60	ひよこっこはちまん	2	1
122	1歳_のべ申込者数	61	ひよこっこわかまつ	5	4
123	1歳_のべ申込者数	62	ねぎし保育園	9	10
124	2歳_のべ申込者数	1	北保育所	25	18
125	2歳_のべ申込者数	2	東保育所	17	26
126	2歳_のべ申込者数	3	西保育所	24	16
127	2歳_のべ申込者数	4	中央保育所	21	14
128	2歳_のべ申込者数	5	北山保育所	13	10
129	2歳_のべ申込者数	6	住吉保育所	22	14
130	2歳_のべ申込者数	7	小柳保育所	3	9
131	2歳_のべ申込者数	8	八幡保育所	2	6
132	2歳_のべ申込者数	9	本町保育所	14	17
133	2歳_のべ申込者数	10	三本木保育所	38	25
134	2歳_のべ申込者数	11	美好保育所	25	24
135	2歳_のべ申込者数	12	府中愛児園	10	23
136	2歳_のべ申込者数	13	南分倍保育園	11	9
137	2歳_のべ申込者数	14	髙安寺保育園	31	26
138	2歳_のべ申込者数	15	千春保育園	17	10
139	2歳_のべ申込者数	16	是政保育園	3	8
140	2歳_のべ申込者数	17	晴見保育園	26	17
141	2歳_のべ申込者数	18	押立保育園	16	25
142	2歳_のべ申込者数	19	府中保育園	20	17
143	2歳_のべ申込者数	20	にじのいろ保育園	2	6
144	2歳_のべ申込者数	21	山手保育園	4	10
145	2歳_のべ申込者数	22	さくらんぼ保育園	16	19
146	2歳_のべ申込者数	23	押立第二保育園	12	24
147	2歳_のべ申込者数	24	わらしこ保育園	8	8
148	2歳_のべ申込者数	25	第２府中保育園	13	5
149	2歳_のべ申込者数	26	府中めぐみ保育園	14	10
150	2歳_のべ申込者数	27	キッズエイド武蔵保育園	5	13
151	2歳_のべ申込者数	28	山手保育園清水が丘分園	1	4
152	2歳_のべ申込者数	29	やまびこ保育園	6	1
153	2歳_のべ申込者数	30	キッズランド府中保育園	18	7
154	2歳_のべ申込者数	31	府中保育園分園	-	-
155	2歳_のべ申込者数	32	キッズルームこっこ保育園	5	10
156	2歳_のべ申込者数	33	府中中河原雲母保育園	14	7
157	2歳_のべ申込者数	34	めぐみ第二保育園	28	19
158	2歳_のべ申込者数	35	西府の森保育園	21	16
159	2歳_のべ申込者数	36	わらしこ第２保育園	11	12
160	2歳_のべ申込者数	37	山手こひつじ保育園	13	19
161	2歳_のべ申込者数	38	白糸さくらんぼ保育園	12	13
162	2歳_のべ申込者数	39	分倍保育園	21	19
163	2歳_のべ申込者数	40	光明高倉保育園	27	26
164	2歳_のべ申込者数	41	まなびの森保育園中河原	26	14
165	2歳_のべ申込者数	42	明桜保育園	10	5
166	2歳_のべ申込者数	43	そよかぜハーモニー保育園	4	15
167	2歳_のべ申込者数	44	よつば保育園	38	29
168	2歳_のべ申込者数	45	第２キッズランド府中保育園	30	18
169	2歳_のべ申込者数	46	光明府中南保育園	5	13
170	2歳_のべ申込者数	47	アスク府中本町保育園	16	16
171	2歳_のべ申込者数	48	太陽の子清水が丘三丁目保育園	5	22
172	2歳_のべ申込者数	49	ラフ・クルー分倍河原保育園	15	13
173	2歳_のべ申込者数	50	ラフ・クルー分倍河原保育園分園	11	4
174	2歳_のべ申込者数	51	このめ保育園	37	30
175	2歳_のべ申込者数	52	アスク府中片町保育園	29	24
176	2歳_のべ申込者数	53	ふちしらコスモ保育園	7	15
177	2歳_のべ申込者数	54	トレジャーキッズぶばい保育園	25	15
178	2歳_のべ申込者数	55	まなびの森保育園東府中	22	32
179	2歳_のべ申込者数	56	まなびの森保育園府中	42	40
180	2歳_のべ申込者数	57	ソラスト府中保育園	2	18
181	2歳_のべ申込者数	58	ヴィラまなびの森保育園住吉町	19	11
182	2歳_のべ申込者数	59	府中緑町・学びの保育園	19	14
183	2歳_のべ申込者数	60	ひよこっこはちまん	0	0
184	2歳_のべ申込者数	61	ひよこっこわかまつ	2	0
185	2歳_のべ申込者数	62	ねぎし保育園	6	4
186	3歳_のべ申込者数	1	北保育所	14	6
187	3歳_のべ申込者数	2	東保育所	27	13
188	3歳_のべ申込者数	3	西保育所	8	7
189	3歳_のべ申込者数	4	中央保育所	16	7
190	3歳_のべ申込者数	5	北山保育所	6	4
191	3歳_のべ申込者数	6	住吉保育所	9	15
192	3歳_のべ申込者数	7	小柳保育所	27	29
193	3歳_のべ申込者数	8	八幡保育所	25	15
194	3歳_のべ申込者数	9	本町保育所	29	32
195	3歳_のべ申込者数	10	三本木保育所	28	15
196	3歳_のべ申込者数	11	美好保育所	12	7
197	3歳_のべ申込者数	12	府中愛児園	37	27
198	3歳_のべ申込者数	13	南分倍保育園	31	30
199	3歳_のべ申込者数	14	髙安寺保育園	43	54
200	3歳_のべ申込者数	15	千春保育園	4	2
201	3歳_のべ申込者数	16	是政保育園	5	9
202	3歳_のべ申込者数	17	晴見保育園	17	8
203	3歳_のべ申込者数	18	押立保育園	35	20
204	3歳_のべ申込者数	19	府中保育園	13	20
205	3歳_のべ申込者数	20	にじのいろ保育園	5	4
206	3歳_のべ申込者数	21	山手保育園	-	-
207	3歳_のべ申込者数	22	さくらんぼ保育園	17	7
208	3歳_のべ申込者数	23	押立第二保育園	20	7
209	3歳_のべ申込者数	24	わらしこ保育園	19	3
210	3歳_のべ申込者数	25	第２府中保育園	9	7
211	3歳_のべ申込者数	26	府中めぐみ保育園	-	-
212	3歳_のべ申込者数	27	キッズエイド武蔵保育園	11	4
213	3歳_のべ申込者数	28	山手保育園清水が丘分園	-	-
214	3歳_のべ申込者数	29	やまびこ保育園	1	0
215	3歳_のべ申込者数	30	キッズランド府中保育園	7	8
216	3歳_のべ申込者数	31	府中保育園分園	-	-
217	3歳_のべ申込者数	32	キッズルームこっこ保育園	12	9
218	3歳_のべ申込者数	33	府中中河原雲母保育園	4	10
219	3歳_のべ申込者数	34	めぐみ第二保育園	15	12
220	3歳_のべ申込者数	35	西府の森保育園	9	4
221	3歳_のべ申込者数	36	わらしこ第２保育園	18	3
222	3歳_のべ申込者数	37	山手こひつじ保育園	27	17
223	3歳_のべ申込者数	38	白糸さくらんぼ保育園	17	2
224	3歳_のべ申込者数	39	分倍保育園	13	7
225	3歳_のべ申込者数	40	光明高倉保育園	34	35
226	3歳_のべ申込者数	41	まなびの森保育園中河原	11	11
227	3歳_のべ申込者数	42	明桜保育園	9	6
228	3歳_のべ申込者数	43	そよかぜハーモニー保育園	7	9
229	3歳_のべ申込者数	44	よつば保育園	21	22
230	3歳_のべ申込者数	45	第２キッズランド府中保育園	24	23
231	3歳_のべ申込者数	46	光明府中南保育園	-	-
232	3歳_のべ申込者数	47	アスク府中本町保育園	33	31
233	3歳_のべ申込者数	48	太陽の子清水が丘三丁目保育園	17	15
234	3歳_のべ申込者数	49	ラフ・クルー分倍河原保育園	10	5
235	3歳_のべ申込者数	50	ラフ・クルー分倍河原保育園分園	-	-
236	3歳_のべ申込者数	51	このめ保育園	30	31
237	3歳_のべ申込者数	52	アスク府中片町保育園	36	37
238	3歳_のべ申込者数	53	ふちしらコスモ保育園	27	3
239	3歳_のべ申込者数	54	トレジャーキッズぶばい保育園	13	5
240	3歳_のべ申込者数	55	まなびの森保育園東府中	26	13
241	3歳_のべ申込者数	56	まなびの森保育園府中	36	28
242	3歳_のべ申込者数	57	ソラスト府中保育園	12	7
243	3歳_のべ申込者数	58	ヴィラまなびの森保育園住吉町	15	14
244	3歳_のべ申込者数	59	府中緑町・学びの保育園	29	23
245	3歳_のべ申込者数	60	ひよこっこはちまん	-	-
246	3歳_のべ申込者数	61	ひよこっこわかまつ	-	-
247	3歳_のべ申込者数	62	ねぎし保育園	-	-
248	4歳_のべ申込者数	1	北保育所	4	4
249	4歳_のべ申込者数	2	東保育所	4	7
250	4歳_のべ申込者数	3	西保育所	3	1
251	4歳_のべ申込者数	4	中央保育所	4	4
252	4歳_のべ申込者数	5	北山保育所	1	1
253	4歳_のべ申込者数	6	住吉保育所	3	2
254	4歳_のべ申込者数	7	小柳保育所	0	0
255	4歳_のべ申込者数	8	八幡保育所	0	3
256	4歳_のべ申込者数	9	本町保育所	2	3
257	4歳_のべ申込者数	10	三本木保育所	4	9
258	4歳_のべ申込者数	11	美好保育所	3	2
259	4歳_のべ申込者数	12	府中愛児園	3	6
260	4歳_のべ申込者数	13	南分倍保育園	3	1
261	4歳_のべ申込者数	14	髙安寺保育園	10	3
262	4歳_のべ申込者数	15	千春保育園	0	0
263	4歳_のべ申込者数	16	是政保育園	1	2
264	4歳_のべ申込者数	17	晴見保育園	1	4
265	4歳_のべ申込者数	18	押立保育園	3	0
266	4歳_のべ申込者数	19	府中保育園	5	1
267	4歳_のべ申込者数	20	にじのいろ保育園	0	3
268	4歳_のべ申込者数	21	山手保育園	-	-
269	4歳_のべ申込者数	22	さくらんぼ保育園	2	4
270	4歳_のべ申込者数	23	押立第二保育園	2	1
271	4歳_のべ申込者数	24	わらしこ保育園	2	4
272	4歳_のべ申込者数	25	第２府中保育園	0	0
273	4歳_のべ申込者数	26	府中めぐみ保育園	-	-
274	4歳_のべ申込者数	27	キッズエイド武蔵保育園	2	2
275	4歳_のべ申込者数	28	山手保育園清水が丘分園	-	-
276	4歳_のべ申込者数	29	やまびこ保育園	3	1
277	4歳_のべ申込者数	30	キッズランド府中保育園	0	2
278	4歳_のべ申込者数	31	府中保育園分園	-	-
279	4歳_のべ申込者数	32	キッズルームこっこ保育園	1	3
280	4歳_のべ申込者数	33	府中中河原雲母保育園	2	2
281	4歳_のべ申込者数	34	めぐみ第二保育園	3	3
282	4歳_のべ申込者数	35	西府の森保育園	4	1
283	4歳_のべ申込者数	36	わらしこ第２保育園	2	5
284	4歳_のべ申込者数	37	山手こひつじ保育園	3	1
285	4歳_のべ申込者数	38	白糸さくらんぼ保育園	3	2
286	4歳_のべ申込者数	39	分倍保育園	4	1
287	4歳_のべ申込者数	40	光明高倉保育園	3	3
288	4歳_のべ申込者数	41	まなびの森保育園中河原	1	1
289	4歳_のべ申込者数	42	明桜保育園	1	1
290	4歳_のべ申込者数	43	そよかぜハーモニー保育園	0	2
291	4歳_のべ申込者数	44	よつば保育園	1	10
292	4歳_のべ申込者数	45	第２キッズランド府中保育園	3	2
293	4歳_のべ申込者数	46	光明府中南保育園	-	-
294	4歳_のべ申込者数	47	アスク府中本町保育園	2	2
295	4歳_のべ申込者数	48	太陽の子清水が丘三丁目保育園	2	3
296	4歳_のべ申込者数	49	ラフ・クルー分倍河原保育園	2	1
297	4歳_のべ申込者数	50	ラフ・クルー分倍河原保育園分園	-	-
298	4歳_のべ申込者数	51	このめ保育園	4	2
299	4歳_のべ申込者数	52	アスク府中片町保育園	2	1
300	4歳_のべ申込者数	53	ふちしらコスモ保育園	1	1
301	4歳_のべ申込者数	54	トレジャーキッズぶばい保育園	2	1
302	4歳_のべ申込者数	55	まなびの森保育園東府中	1	7
303	4歳_のべ申込者数	56	まなびの森保育園府中	4	6
304	4歳_のべ申込者数	57	ソラスト府中保育園	0	2
305	4歳_のべ申込者数	58	ヴィラまなびの森保育園住吉町	2	2
306	4歳_のべ申込者数	59	府中緑町・学びの保育園	0	3
307	4歳_のべ申込者数	60	ひよこっこはちまん	-	-
308	4歳_のべ申込者数	61	ひよこっこわかまつ	-	-
309	4歳_のべ申込者数	62	ねぎし保育園	-	-
310	5歳_のべ申込者数	1	北保育所	3	0
311	5歳_のべ申込者数	2	東保育所	1	1
312	5歳_のべ申込者数	3	西保育所	3	1
313	5歳_のべ申込者数	4	中央保育所	1	1
314	5歳_のべ申込者数	5	北山保育所	1	1
315	5歳_のべ申込者数	6	住吉保育所	0	0
316	5歳_のべ申込者数	7	小柳保育所	0	0
317	5歳_のべ申込者数	8	八幡保育所	0	0
318	5歳_のべ申込者数	9	本町保育所	1	2
319	5歳_のべ申込者数	10	三本木保育所	1	0
320	5歳_のべ申込者数	11	美好保育所	1	2
321	5歳_のべ申込者数	12	府中愛児園	0	0
322	5歳_のべ申込者数	13	南分倍保育園	1	0
323	5歳_のべ申込者数	14	髙安寺保育園	1	2
324	5歳_のべ申込者数	15	千春保育園	1	1
325	5歳_のべ申込者数	16	是政保育園	0	1
326	5歳_のべ申込者数	17	晴見保育園	1	0
327	5歳_のべ申込者数	18	押立保育園	1	0
328	5歳_のべ申込者数	19	府中保育園	2	1
329	5歳_のべ申込者数	20	にじのいろ保育園	0	0
330	5歳_のべ申込者数	21	山手保育園	-	-
331	5歳_のべ申込者数	22	さくらんぼ保育園	0	1
332	5歳_のべ申込者数	23	押立第二保育園	1	0
333	5歳_のべ申込者数	24	わらしこ保育園	0	1
334	5歳_のべ申込者数	25	第２府中保育園	1	0
335	5歳_のべ申込者数	26	府中めぐみ保育園	-	-
336	5歳_のべ申込者数	27	キッズエイド武蔵保育園	0	0
337	5歳_のべ申込者数	28	山手保育園清水が丘分園	-	-
338	5歳_のべ申込者数	29	やまびこ保育園	0	0
339	5歳_のべ申込者数	30	キッズランド府中保育園	0	0
340	5歳_のべ申込者数	31	府中保育園分園	-	-
341	5歳_のべ申込者数	32	キッズルームこっこ保育園	0	1
342	5歳_のべ申込者数	33	府中中河原雲母保育園	0	0
343	5歳_のべ申込者数	34	めぐみ第二保育園	3	0
344	5歳_のべ申込者数	35	西府の森保育園	2	0
345	5歳_のべ申込者数	36	わらしこ第２保育園	0	1
346	5歳_のべ申込者数	37	山手こひつじ保育園	0	1
347	5歳_のべ申込者数	38	白糸さくらんぼ保育園	0	1
348	5歳_のべ申込者数	39	分倍保育園	1	2
349	5歳_のべ申込者数	40	光明高倉保育園	1	1
350	5歳_のべ申込者数	41	まなびの森保育園中河原	0	0
351	5歳_のべ申込者数	42	明桜保育園	0	0
352	5歳_のべ申込者数	43	そよかぜハーモニー保育園	0	0
353	5歳_のべ申込者数	44	よつば保育園	1	0
354	5歳_のべ申込者数	45	第２キッズランド府中保育園	0	0
355	5歳_のべ申込者数	46	光明府中南保育園	-	-
356	5歳_のべ申込者数	47	アスク府中本町保育園	1	0
357	5歳_のべ申込者数	48	太陽の子清水が丘三丁目保育園	0	1
358	5歳_のべ申込者数	49	ラフ・クルー分倍河原保育園	2	1
359	5歳_のべ申込者数	50	ラフ・クルー分倍河原保育園分園	-	-
360	5歳_のべ申込者数	51	このめ保育園	0	0
361	5歳_のべ申込者数	52	アスク府中片町保育園	0	0
362	5歳_のべ申込者数	53	ふちしらコスモ保育園	1	1
363	5歳_のべ申込者数	54	トレジャーキッズぶばい保育園	1	0
364	5歳_のべ申込者数	55	まなびの森保育園東府中	0	0
365	5歳_のべ申込者数	56	まなびの森保育園府中	0	0
366	5歳_のべ申込者数	57	ソラスト府中保育園	2	1
367	5歳_のべ申込者数	58	ヴィラまなびの森保育園住吉町	0	0
368	5歳_のべ申込者数	59	府中緑町・学びの保育園	0	0
369	5歳_のべ申込者数	60	ひよこっこはちまん	-	-
370	5歳_のべ申込者数	61	ひよこっこわかまつ	-	-
371	5歳_のべ申込者数	62	ねぎし保育園	-	-
0	0歳_1次受入人数	1	北保育所		6
1	0歳_1次受入人数	2	東保育所		6
2	0歳_1次受入人数	3	西保育所		6
3	0歳_1次受入人数	4	中央保育所		3
4	0歳_1次受入人数	5	北山保育所		6
5	0歳_1次受入人数	6	住吉保育所		6
6	0歳_1次受入人数	7	小柳保育所		3
7	0歳_1次受入人数	8	八幡保育所		3
8	0歳_1次受入人数	9	本町保育所		6
9	0歳_1次受入人数	10	三本木保育所		6
10	0歳_1次受入人数	11	美好保育所		6
11	0歳_1次受入人数	12	府中愛児園		17
12	0歳_1次受入人数	13	南分倍保育園		6
13	0歳_1次受入人数	14	髙安寺保育園		10
14	0歳_1次受入人数	15	千春保育園		9
15	0歳_1次受入人数	16	是政保育園		16
16	0歳_1次受入人数	17	晴見保育園		9
17	0歳_1次受入人数	18	押立保育園		9
18	0歳_1次受入人数	19	府中保育園		-
19	0歳_1次受入人数	20	にじのいろ保育園		9
20	0歳_1次受入人数	21	山手保育園		10
21	0歳_1次受入人数	22	さくらんぼ保育園		9
22	0歳_1次受入人数	23	押立第二保育園		9
23	0歳_1次受入人数	24	わらしこ保育園		11
24	0歳_1次受入人数	25	第２府中保育園		9
25	0歳_1次受入人数	26	府中めぐみ保育園		9
26	0歳_1次受入人数	27	キッズエイド武蔵保育園		6
27	0歳_1次受入人数	28	山手保育園清水が丘分園		6
28	0歳_1次受入人数	29	やまびこ保育園		6
29	0歳_1次受入人数	30	キッズランド府中保育園		6
30	0歳_1次受入人数	31	府中保育園分園		12
31	0歳_1次受入人数	32	キッズルームこっこ保育園		4
32	0歳_1次受入人数	33	府中中河原雲母保育園		6
33	0歳_1次受入人数	34	めぐみ第二保育園		9
34	0歳_1次受入人数	35	西府の森保育園		-
35	0歳_1次受入人数	36	わらしこ第２保育園		5
36	0歳_1次受入人数	37	山手こひつじ保育園		6
37	0歳_1次受入人数	38	白糸さくらんぼ保育園		5
38	0歳_1次受入人数	39	分倍保育園		6
39	0歳_1次受入人数	40	光明高倉保育園		9
40	0歳_1次受入人数	41	まなびの森保育園中河原		6
41	0歳_1次受入人数	42	明桜保育園		5
42	0歳_1次受入人数	43	そよかぜハーモニー保育園		6
43	0歳_1次受入人数	44	よつば保育園		9
44	0歳_1次受入人数	45	第２キッズランド府中保育園		6
45	0歳_1次受入人数	46	光明府中南保育園		8
46	0歳_1次受入人数	47	アスク府中本町保育園		6
47	0歳_1次受入人数	48	太陽の子清水が丘三丁目保育園		3
48	0歳_1次受入人数	49	ラフ・クルー分倍河原保育園		3
49	0歳_1次受入人数	50	ラフ・クルー分倍河原保育園分園		3
50	0歳_1次受入人数	51	このめ保育園		6
51	0歳_1次受入人数	52	アスク府中片町保育園		6
52	0歳_1次受入人数	53	ふちしらコスモ保育園		6
53	0歳_1次受入人数	54	トレジャーキッズぶばい保育園		4
54	0歳_1次受入人数	55	まなびの森保育園東府中		6
55	0歳_1次受入人数	56	まなびの森保育園府中		6
56	0歳_1次受入人数	57	ソラスト府中保育園		9
57	0歳_1次受入人数	58	ヴィラまなびの森保育園住吉町		3
58	0歳_1次受入人数	59	府中緑町・学びの保育園		3
59	0歳_1次受入人数	60	ひよこっこはちまん		1
60	0歳_1次受入人数	61	ひよこっこわかまつ		2
61	0歳_1次受入人数	62	ねぎし保育園		5
62	1歳_1次受入人数	1	北保育所		5
63	1歳_1次受入人数	2	東保育所		7
64	1歳_1次受入人数	3	西保育所		5
65	1歳_1次受入人数	4	中央保育所		7
66	1歳_1次受入人数	5	北山保育所		5
67	1歳_1次受入人数	6	住吉保育所		9
68	1歳_1次受入人数	7	小柳保育所		2
69	1歳_1次受入人数	8	八幡保育所		2
70	1歳_1次受入人数	9	本町保育所		4
71	1歳_1次受入人数	10	三本木保育所		13
72	1歳_1次受入人数	11	美好保育所		2
73	1歳_1次受入人数	12	府中愛児園		45
74	1歳_1次受入人数	13	南分倍保育園		9
75	1歳_1次受入人数	14	髙安寺保育園		10
76	1歳_1次受入人数	15	千春保育園		8
77	1歳_1次受入人数	16	是政保育園		8
78	1歳_1次受入人数	17	晴見保育園		4
79	1歳_1次受入人数	18	押立保育園		12
80	1歳_1次受入人数	19	府中保育園		11
81	1歳_1次受入人数	20	にじのいろ保育園		6
82	1歳_1次受入人数	21	山手保育園		3
83	1歳_1次受入人数	22	さくらんぼ保育園		10
84	1歳_1次受入人数	23	押立第二保育園		10
85	1歳_1次受入人数	24	わらしこ保育園		2
86	1歳_1次受入人数	25	第２府中保育園		6
87	1歳_1次受入人数	26	府中めぐみ保育園		3
88	1歳_1次受入人数	27	キッズエイド武蔵保育園		4
89	1歳_1次受入人数	28	山手保育園清水が丘分園		6
90	1歳_1次受入人数	29	やまびこ保育園		4
91	1歳_1次受入人数	30	キッズランド府中保育園		2
92	1歳_1次受入人数	31	府中保育園分園		1
93	1歳_1次受入人数	32	キッズルームこっこ保育園		6
94	1歳_1次受入人数	33	府中中河原雲母保育園		4
95	1歳_1次受入人数	34	めぐみ第二保育園		1
96	1歳_1次受入人数	35	西府の森保育園		12
97	1歳_1次受入人数	36	わらしこ第２保育園		12
98	1歳_1次受入人数	37	山手こひつじ保育園		5
99	1歳_1次受入人数	38	白糸さくらんぼ保育園		10
100	1歳_1次受入人数	39	分倍保育園		14
101	1歳_1次受入人数	40	光明高倉保育園		13
102	1歳_1次受入人数	41	まなびの森保育園中河原		10
103	1歳_1次受入人数	42	明桜保育園		12
104	1歳_1次受入人数	43	そよかぜハーモニー保育園		4
105	1歳_1次受入人数	44	よつば保育園		6
106	1歳_1次受入人数	45	第２キッズランド府中保育園		4
107	1歳_1次受入人数	46	光明府中南保育園		21
108	1歳_1次受入人数	47	アスク府中本町保育園		6
109	1歳_1次受入人数	48	太陽の子清水が丘三丁目保育園		6
110	1歳_1次受入人数	49	ラフ・クルー分倍河原保育園		6
111	1歳_1次受入人数	50	ラフ・クルー分倍河原保育園分園		5
112	1歳_1次受入人数	51	このめ保育園		4
113	1歳_1次受入人数	52	アスク府中片町保育園		6
114	1歳_1次受入人数	53	ふちしらコスモ保育園		14
115	1歳_1次受入人数	54	トレジャーキッズぶばい保育園		7
116	1歳_1次受入人数	55	まなびの森保育園東府中		8
117	1歳_1次受入人数	56	まなびの森保育園府中		14
118	1歳_1次受入人数	57	ソラスト府中保育園		11
119	1歳_1次受入人数	58	ヴィラまなびの森保育園住吉町		10
120	1歳_1次受入人数	59	府中緑町・学びの保育園		8
121	1歳_1次受入人数	60	ひよこっこはちまん		1
122	1歳_1次受入人数	61	ひよこっこわかまつ		2
123	1歳_1次受入人数	62	ねぎし保育園		1
124	2歳_1次受入人数	1	北保育所		10
125	2歳_1次受入人数	2	東保育所		3
126	2歳_1次受入人数	3	西保育所		5
127	2歳_1次受入人数	4	中央保育所		3
128	2歳_1次受入人数	5	北山保育所		5
129	2歳_1次受入人数	6	住吉保育所		10
130	2歳_1次受入人数	7	小柳保育所		1
131	2歳_1次受入人数	8	八幡保育所		0
132	2歳_1次受入人数	9	本町保育所		2
133	2歳_1次受入人数	10	三本木保育所		4
134	2歳_1次受入人数	11	美好保育所		8
135	2歳_1次受入人数	12	府中愛児園		1
136	2歳_1次受入人数	13	南分倍保育園		3
137	2歳_1次受入人数	14	髙安寺保育園		4
138	2歳_1次受入人数	15	千春保育園		13
139	2歳_1次受入人数	16	是政保育園		1
140	2歳_1次受入人数	17	晴見保育園		1
141	2歳_1次受入人数	18	押立保育園		1
142	2歳_1次受入人数	19	府中保育園		1
143	2歳_1次受入人数	20	にじのいろ保育園		1
144	2歳_1次受入人数	21	山手保育園		0
145	2歳_1次受入人数	22	さくらんぼ保育園		2
146	2歳_1次受入人数	23	押立第二保育園		3
147	2歳_1次受入人数	24	わらしこ保育園		0
148	2歳_1次受入人数	25	第２府中保育園		5
149	2歳_1次受入人数	26	府中めぐみ保育園		1
150	2歳_1次受入人数	27	キッズエイド武蔵保育園		2
151	2歳_1次受入人数	28	山手保育園清水が丘分園		0
152	2歳_1次受入人数	29	やまびこ保育園		0
153	2歳_1次受入人数	30	キッズランド府中保育園		2
154	2歳_1次受入人数	31	府中保育園分園		-
155	2歳_1次受入人数	32	キッズルームこっこ保育園		0
156	2歳_1次受入人数	33	府中中河原雲母保育園		1
157	2歳_1次受入人数	34	めぐみ第二保育園		5
158	2歳_1次受入人数	35	西府の森保育園		2
159	2歳_1次受入人数	36	わらしこ第２保育園		1
160	2歳_1次受入人数	37	山手こひつじ保育園		1
161	2歳_1次受入人数	38	白糸さくらんぼ保育園		3
162	2歳_1次受入人数	39	分倍保育園		4
163	2歳_1次受入人数	40	光明高倉保育園		2
164	2歳_1次受入人数	41	まなびの森保育園中河原		1
165	2歳_1次受入人数	42	明桜保育園		1
166	2歳_1次受入人数	43	そよかぜハーモニー保育園		0
167	2歳_1次受入人数	44	よつば保育園		3
168	2歳_1次受入人数	45	第２キッズランド府中保育園		2
169	2歳_1次受入人数	46	光明府中南保育園		0
170	2歳_1次受入人数	47	アスク府中本町保育園		2
171	2歳_1次受入人数	48	太陽の子清水が丘三丁目保育園		1
172	2歳_1次受入人数	49	ラフ・クルー分倍河原保育園		0
173	2歳_1次受入人数	50	ラフ・クルー分倍河原保育園分園		0
174	2歳_1次受入人数	51	このめ保育園		2
175	2歳_1次受入人数	52	アスク府中片町保育園		2
176	2歳_1次受入人数	53	ふちしらコスモ保育園		1
177	2歳_1次受入人数	54	トレジャーキッズぶばい保育園		1
178	2歳_1次受入人数	55	まなびの森保育園東府中		1
179	2歳_1次受入人数	56	まなびの森保育園府中		2
180	2歳_1次受入人数	57	ソラスト府中保育園		1
181	2歳_1次受入人数	58	ヴィラまなびの森保育園住吉町		1
182	2歳_1次受入人数	59	府中緑町・学びの保育園		1
183	2歳_1次受入人数	60	ひよこっこはちまん		0
184	2歳_1次受入人数	61	ひよこっこわかまつ		0
185	2歳_1次受入人数	62	ねぎし保育園		0
186	3歳_1次受入人数	1	北保育所		1
187	3歳_1次受入人数	2	東保育所		1
188	3歳_1次受入人数	3	西保育所		2
189	3歳_1次受入人数	4	中央保育所		3
190	3歳_1次受入人数	5	北山保育所		1
191	3歳_1次受入人数	6	住吉保育所		1
192	3歳_1次受入人数	7	小柳保育所		2
193	3歳_1次受入人数	8	八幡保育所		0
194	3歳_1次受入人数	9	本町保育所		0
195	3歳_1次受入人数	10	三本木保育所		1
196	3歳_1次受入人数	11	美好保育所		3
197	3歳_1次受入人数	12	府中愛児園		0
198	3歳_1次受入人数	13	南分倍保育園		2
199	3歳_1次受入人数	14	髙安寺保育園		7
200	3歳_1次受入人数	15	千春保育園		0
201	3歳_1次受入人数	16	是政保育園		0
202	3歳_1次受入人数	17	晴見保育園		0
203	3歳_1次受入人数	18	押立保育園		2
204	3歳_1次受入人数	19	府中保育園		2
205	3歳_1次受入人数	20	にじのいろ保育園		0
206	3歳_1次受入人数	21	山手保育園		-
207	3歳_1次受入人数	22	さくらんぼ保育園		0
208	3歳_1次受入人数	23	押立第二保育園		1
209	3歳_1次受入人数	24	わらしこ保育園		3
210	3歳_1次受入人数	25	第２府中保育園		2
211	3歳_1次受入人数	26	府中めぐみ保育園		-
212	3歳_1次受入人数	27	キッズエイド武蔵保育園		0
213	3歳_1次受入人数	28	山手保育園清水が丘分園		-
214	3歳_1次受入人数	29	やまびこ保育園		0
215	3歳_1次受入人数	30	キッズランド府中保育園		0
216	3歳_1次受入人数	31	府中保育園分園		-
217	3歳_1次受入人数	32	キッズルームこっこ保育園		0
218	3歳_1次受入人数	33	府中中河原雲母保育園		0
219	3歳_1次受入人数	34	めぐみ第二保育園		2
220	3歳_1次受入人数	35	西府の森保育園		0
221	3歳_1次受入人数	36	わらしこ第２保育園		0
222	3歳_1次受入人数	37	山手こひつじ保育園		0
223	3歳_1次受入人数	38	白糸さくらんぼ保育園		2
224	3歳_1次受入人数	39	分倍保育園		8
225	3歳_1次受入人数	40	光明高倉保育園		0
226	3歳_1次受入人数	41	まなびの森保育園中河原		0
227	3歳_1次受入人数	42	明桜保育園		0
228	3歳_1次受入人数	43	そよかぜハーモニー保育園		0
229	3歳_1次受入人数	44	よつば保育園		2
230	3歳_1次受入人数	45	第２キッズランド府中保育園		0
231	3歳_1次受入人数	46	光明府中南保育園		-
232	3歳_1次受入人数	47	アスク府中本町保育園		0
233	3歳_1次受入人数	48	太陽の子清水が丘三丁目保育園		0
234	3歳_1次受入人数	49	ラフ・クルー分倍河原保育園		0
235	3歳_1次受入人数	50	ラフ・クルー分倍河原保育園分園		-
236	3歳_1次受入人数	51	このめ保育園		1
237	3歳_1次受入人数	52	アスク府中片町保育園		0
238	3歳_1次受入人数	53	ふちしらコスモ保育園		2
239	3歳_1次受入人数	54	トレジャーキッズぶばい保育園		0
240	3歳_1次受入人数	55	まなびの森保育園東府中		0
241	3歳_1次受入人数	56	まなびの森保育園府中		0
242	3歳_1次受入人数	57	ソラスト府中保育園		1
243	3歳_1次受入人数	58	ヴィラまなびの森保育園住吉町		2
244	3歳_1次受入人数	59	府中緑町・学びの保育園		0
245	3歳_1次受入人数	60	ひよこっこはちまん		-
246	3歳_1次受入人数	61	ひよこっこわかまつ		-
247	3歳_1次受入人数	62	ねぎし保育園		-
248	4歳_1次受入人数	1	北保育所		1
249	4歳_1次受入人数	2	東保育所		1
250	4歳_1次受入人数	3	西保育所		1
251	4歳_1次受入人数	4	中央保育所		3
252	4歳_1次受入人数	5	北山保育所		1
253	4歳_1次受入人数	6	住吉保育所		1
254	4歳_1次受入人数	7	小柳保育所		1
255	4歳_1次受入人数	8	八幡保育所		1
256	4歳_1次受入人数	9	本町保育所		2
257	4歳_1次受入人数	10	三本木保育所		1
258	4歳_1次受入人数	11	美好保育所		2
259	4歳_1次受入人数	12	府中愛児園		0
260	4歳_1次受入人数	13	南分倍保育園		0
261	4歳_1次受入人数	14	髙安寺保育園		3
262	4歳_1次受入人数	15	千春保育園		0
263	4歳_1次受入人数	16	是政保育園		0
264	4歳_1次受入人数	17	晴見保育園		0
265	4歳_1次受入人数	18	押立保育園		0
266	4歳_1次受入人数	19	府中保育園		2
267	4歳_1次受入人数	20	にじのいろ保育園		0
268	4歳_1次受入人数	21	山手保育園		-
269	4歳_1次受入人数	22	さくらんぼ保育園		0
270	4歳_1次受入人数	23	押立第二保育園		0
271	4歳_1次受入人数	24	わらしこ保育園		0
272	4歳_1次受入人数	25	第２府中保育園		0
273	4歳_1次受入人数	26	府中めぐみ保育園		-
274	4歳_1次受入人数	27	キッズエイド武蔵保育園		0
275	4歳_1次受入人数	28	山手保育園清水が丘分園		-
276	4歳_1次受入人数	29	やまびこ保育園		1
277	4歳_1次受入人数	30	キッズランド府中保育園		0
278	4歳_1次受入人数	31	府中保育園分園		-
279	4歳_1次受入人数	32	キッズルームこっこ保育園		0
280	4歳_1次受入人数	33	府中中河原雲母保育園		0
281	4歳_1次受入人数	34	めぐみ第二保育園		0
282	4歳_1次受入人数	35	西府の森保育園		0
283	4歳_1次受入人数	36	わらしこ第２保育園		0
284	4歳_1次受入人数	37	山手こひつじ保育園		0
285	4歳_1次受入人数	38	白糸さくらんぼ保育園		0
286	4歳_1次受入人数	39	分倍保育園		0
287	4歳_1次受入人数	40	光明高倉保育園		0
288	4歳_1次受入人数	41	まなびの森保育園中河原		0
289	4歳_1次受入人数	42	明桜保育園		0
290	4歳_1次受入人数	43	そよかぜハーモニー保育園		0
291	4歳_1次受入人数	44	よつば保育園		0
292	4歳_1次受入人数	45	第２キッズランド府中保育園		0
293	4歳_1次受入人数	46	光明府中南保育園		-
294	4歳_1次受入人数	47	アスク府中本町保育園		0
295	4歳_1次受入人数	48	太陽の子清水が丘三丁目保育園		1
296	4歳_1次受入人数	49	ラフ・クルー分倍河原保育園		0
297	4歳_1次受入人数	50	ラフ・クルー分倍河原保育園分園		-
298	4歳_1次受入人数	51	このめ保育園		0
299	4歳_1次受入人数	52	アスク府中片町保育園		0
300	4歳_1次受入人数	53	ふちしらコスモ保育園		0
301	4歳_1次受入人数	54	トレジャーキッズぶばい保育園		0
302	4歳_1次受入人数	55	まなびの森保育園東府中		0
303	4歳_1次受入人数	56	まなびの森保育園府中		0
304	4歳_1次受入人数	57	ソラスト府中保育園		0
305	4歳_1次受入人数	58	ヴィラまなびの森保育園住吉町		0
306	4歳_1次受入人数	59	府中緑町・学びの保育園		0
307	4歳_1次受入人数	60	ひよこっこはちまん		-
308	4歳_1次受入人数	61	ひよこっこわかまつ		-
309	4歳_1次受入人数	62	ねぎし保育園		-
310	5歳_1次受入人数	1	北保育所		1
311	5歳_1次受入人数	2	東保育所		0
312	5歳_1次受入人数	3	西保育所		0
313	5歳_1次受入人数	4	中央保育所		0
314	5歳_1次受入人数	5	北山保育所		1
315	5歳_1次受入人数	6	住吉保育所		0
316	5歳_1次受入人数	7	小柳保育所		0
317	5歳_1次受入人数	8	八幡保育所		1
318	5歳_1次受入人数	9	本町保育所		0
319	5歳_1次受入人数	10	三本木保育所		0
320	5歳_1次受入人数	11	美好保育所		1
321	5歳_1次受入人数	12	府中愛児園		0
322	5歳_1次受入人数	13	南分倍保育園		0
323	5歳_1次受入人数	14	髙安寺保育園		0
324	5歳_1次受入人数	15	千春保育園		0
325	5歳_1次受入人数	16	是政保育園		0
326	5歳_1次受入人数	17	晴見保育園		0
327	5歳_1次受入人数	18	押立保育園		0
328	5歳_1次受入人数	19	府中保育園		1
329	5歳_1次受入人数	20	にじのいろ保育園		0
330	5歳_1次受入人数	21	山手保育園		-
331	5歳_1次受入人数	22	さくらんぼ保育園		0
332	5歳_1次受入人数	23	押立第二保育園		1
333	5歳_1次受入人数	24	わらしこ保育園		0
334	5歳_1次受入人数	25	第２府中保育園		0
335	5歳_1次受入人数	26	府中めぐみ保育園		-
336	5歳_1次受入人数	27	キッズエイド武蔵保育園		0
337	5歳_1次受入人数	28	山手保育園清水が丘分園		-
338	5歳_1次受入人数	29	やまびこ保育園		0
339	5歳_1次受入人数	30	キッズランド府中保育園		0
340	5歳_1次受入人数	31	府中保育園分園		-
341	5歳_1次受入人数	32	キッズルームこっこ保育園		0
342	5歳_1次受入人数	33	府中中河原雲母保育園		0
343	5歳_1次受入人数	34	めぐみ第二保育園		0
344	5歳_1次受入人数	35	西府の森保育園		0
345	5歳_1次受入人数	36	わらしこ第２保育園		0
346	5歳_1次受入人数	37	山手こひつじ保育園		0
347	5歳_1次受入人数	38	白糸さくらんぼ保育園		0
348	5歳_1次受入人数	39	分倍保育園		0
349	5歳_1次受入人数	40	光明高倉保育園		0
350	5歳_1次受入人数	41	まなびの森保育園中河原		0
351	5歳_1次受入人数	42	明桜保育園		0
352	5歳_1次受入人数	43	そよかぜハーモニー保育園		0
353	5歳_1次受入人数	44	よつば保育園		0
354	5歳_1次受入人数	45	第２キッズランド府中保育園		0
355	5歳_1次受入人数	46	光明府中南保育園		-
356	5歳_1次受入人数	47	アスク府中本町保育園		0
357	5歳_1次受入人数	48	太陽の子清水が丘三丁目保育園		0
358	5歳_1次受入人数	49	ラフ・クルー分倍河原保育園		0
359	5歳_1次受入人数	50	ラフ・クルー分倍河原保育園分園		-
360	5歳_1次受入人数	51	このめ保育園		0
361	5歳_1次受入人数	52	アスク府中片町保育園		0
362	5歳_1次受入人数	53	ふちしらコスモ保育園		0
363	5歳_1次受入人数	54	トレジャーキッズぶばい保育園		0
364	5歳_1次受入人数	55	まなびの森保育園東府中		0
365	5歳_1次受入人数	56	まなびの森保育園府中		0
366	5歳_1次受入人数	57	ソラスト府中保育園		0
367	5歳_1次受入人数	58	ヴィラまなびの森保育園住吉町		0
368	5歳_1次受入人数	59	府中緑町・学びの保育園		0
369	5歳_1次受入人数	60	ひよこっこはちまん		-
370	5歳_1次受入人数	61	ひよこっこわかまつ		-
371	5歳_1次受入人数	62	ねぎし保育園		-
0	0歳_2次受入人数	1	北保育所		0
1	0歳_2次受入人数	2	東保育所		0
2	0歳_2次受入人数	3	西保育所		0
3	0歳_2次受入人数	4	中央保育所		0
4	0歳_2次受入人数	5	北山保育所		0
5	0歳_2次受入人数	6	住吉保育所		0
6	0歳_2次受入人数	7	小柳保育所		0
7	0歳_2次受入人数	8	八幡保育所		1
8	0歳_2次受入人数	9	本町保育所		0
9	0歳_2次受入人数	10	三本木保育所		0
10	0歳_2次受入人数	11	美好保育所		0
11	0歳_2次受入人数	12	府中愛児園		12
12	0歳_2次受入人数	13	南分倍保育園		0
13	0歳_2次受入人数	14	髙安寺保育園		0
14	0歳_2次受入人数	15	千春保育園		5
15	0歳_2次受入人数	16	是政保育園		7
16	0歳_2次受入人数	17	晴見保育園		0
17	0歳_2次受入人数	18	押立保育園		1
18	0歳_2次受入人数	19	府中保育園		-
19	0歳_2次受入人数	20	にじのいろ保育園		3
20	0歳_2次受入人数	21	山手保育園		8
21	0歳_2次受入人数	22	さくらんぼ保育園		0
22	0歳_2次受入人数	23	押立第二保育園		0
23	0歳_2次受入人数	24	わらしこ保育園		2
24	0歳_2次受入人数	25	第２府中保育園		0
25	0歳_2次受入人数	26	府中めぐみ保育園		0
26	0歳_2次受入人数	27	キッズエイド武蔵保育園		2
27	0歳_2次受入人数	28	山手保育園清水が丘分園		3
28	0歳_2次受入人数	29	やまびこ保育園		4
29	0歳_2次受入人数	30	キッズランド府中保育園		0
30	0歳_2次受入人数	31	府中保育園分園		0
31	0歳_2次受入人数	32	キッズルームこっこ保育園		0
32	0歳_2次受入人数	33	府中中河原雲母保育園		0
33	0歳_2次受入人数	34	めぐみ第二保育園		0
34	0歳_2次受入人数	35	西府の森保育園		-
35	0歳_2次受入人数	36	わらしこ第２保育園		5
36	0歳_2次受入人数	37	山手こひつじ保育園		0
37	0歳_2次受入人数	38	白糸さくらんぼ保育園		3
38	0歳_2次受入人数	39	分倍保育園		0
39	0歳_2次受入人数	40	光明高倉保育園		0
40	0歳_2次受入人数	41	まなびの森保育園中河原		0
41	0歳_2次受入人数	42	明桜保育園		0
42	0歳_2次受入人数	43	そよかぜハーモニー保育園		0
43	0歳_2次受入人数	44	よつば保育園		0
44	0歳_2次受入人数	45	第２キッズランド府中保育園		0
45	0歳_2次受入人数	46	光明府中南保育園		0
46	0歳_2次受入人数	47	アスク府中本町保育園		0
47	0歳_2次受入人数	48	太陽の子清水が丘三丁目保育園		0
48	0歳_2次受入人数	49	ラフ・クルー分倍河原保育園		0
49	0歳_2次受入人数	50	ラフ・クルー分倍河原保育園分園		0
50	0歳_2次受入人数	51	このめ保育園		0
51	0歳_2次受入人数	52	アスク府中片町保育園		0
52	0歳_2次受入人数	53	ふちしらコスモ保育園		2
53	0歳_2次受入人数	54	トレジャーキッズぶばい保育園		0
54	0歳_2次受入人数	55	まなびの森保育園東府中		0
55	0歳_2次受入人数	56	まなびの森保育園府中		0
56	0歳_2次受入人数	57	ソラスト府中保育園		0
57	0歳_2次受入人数	58	ヴィラまなびの森保育園住吉町		0
58	0歳_2次受入人数	59	府中緑町・学びの保育園		0
59	0歳_2次受入人数	60	ひよこっこはちまん		0
60	0歳_2次受入人数	61	ひよこっこわかまつ		2
61	0歳_2次受入人数	62	ねぎし保育園		2
62	1歳_2次受入人数	1	北保育所		0
63	1歳_2次受入人数	2	東保育所		0
64	1歳_2次受入人数	3	西保育所		0
65	1歳_2次受入人数	4	中央保育所		0
66	1歳_2次受入人数	5	北山保育所		0
67	1歳_2次受入人数	6	住吉保育所		0
68	1歳_2次受入人数	7	小柳保育所		0
69	1歳_2次受入人数	8	八幡保育所		0
70	1歳_2次受入人数	9	本町保育所		0
71	1歳_2次受入人数	10	三本木保育所		0
72	1歳_2次受入人数	11	美好保育所		0
73	1歳_2次受入人数	12	府中愛児園		6
74	1歳_2次受入人数	13	南分倍保育園		0
75	1歳_2次受入人数	14	髙安寺保育園		0
76	1歳_2次受入人数	15	千春保育園		1
77	1歳_2次受入人数	16	是政保育園		0
78	1歳_2次受入人数	17	晴見保育園		0
79	1歳_2次受入人数	18	押立保育園		0
80	1歳_2次受入人数	19	府中保育園		0
81	1歳_2次受入人数	20	にじのいろ保育園		0
82	1歳_2次受入人数	21	山手保育園		0
83	1歳_2次受入人数	22	さくらんぼ保育園		0
84	1歳_2次受入人数	23	押立第二保育園		0
85	1歳_2次受入人数	24	わらしこ保育園		0
86	1歳_2次受入人数	25	第２府中保育園		0
87	1歳_2次受入人数	26	府中めぐみ保育園		1
88	1歳_2次受入人数	27	キッズエイド武蔵保育園		1
89	1歳_2次受入人数	28	山手保育園清水が丘分園		0
90	1歳_2次受入人数	29	やまびこ保育園		1
91	1歳_2次受入人数	30	キッズランド府中保育園		0
92	1歳_2次受入人数	31	府中保育園分園		0
93	1歳_2次受入人数	32	キッズルームこっこ保育園		0
94	1歳_2次受入人数	33	府中中河原雲母保育園		0
95	1歳_2次受入人数	34	めぐみ第二保育園		0
96	1歳_2次受入人数	35	西府の森保育園		0
97	1歳_2次受入人数	36	わらしこ第２保育園		1
98	1歳_2次受入人数	37	山手こひつじ保育園		0
99	1歳_2次受入人数	38	白糸さくらんぼ保育園		0
100	1歳_2次受入人数	39	分倍保育園		0
101	1歳_2次受入人数	40	光明高倉保育園		0
102	1歳_2次受入人数	41	まなびの森保育園中河原		0
103	1歳_2次受入人数	42	明桜保育園		0
104	1歳_2次受入人数	43	そよかぜハーモニー保育園		0
105	1歳_2次受入人数	44	よつば保育園		0
106	1歳_2次受入人数	45	第２キッズランド府中保育園		0
107	1歳_2次受入人数	46	光明府中南保育園		2
108	1歳_2次受入人数	47	アスク府中本町保育園		0
109	1歳_2次受入人数	48	太陽の子清水が丘三丁目保育園		0
110	1歳_2次受入人数	49	ラフ・クルー分倍河原保育園		0
111	1歳_2次受入人数	50	ラフ・クルー分倍河原保育園分園		0
112	1歳_2次受入人数	51	このめ保育園		0
113	1歳_2次受入人数	52	アスク府中片町保育園		0
114	1歳_2次受入人数	53	ふちしらコスモ保育園		1
115	1歳_2次受入人数	54	トレジャーキッズぶばい保育園		0
116	1歳_2次受入人数	55	まなびの森保育園東府中		0
117	1歳_2次受入人数	56	まなびの森保育園府中		0
118	1歳_2次受入人数	57	ソラスト府中保育園		0
119	1歳_2次受入人数	58	ヴィラまなびの森保育園住吉町		0
120	1歳_2次受入人数	59	府中緑町・学びの保育園		0
121	1歳_2次受入人数	60	ひよこっこはちまん		0
122	1歳_2次受入人数	61	ひよこっこわかまつ		0
123	1歳_2次受入人数	62	ねぎし保育園		0
124	2歳_2次受入人数	1	北保育所		0
125	2歳_2次受入人数	2	東保育所		0
126	2歳_2次受入人数	3	西保育所		0
127	2歳_2次受入人数	4	中央保育所		0
128	2歳_2次受入人数	5	北山保育所		0
129	2歳_2次受入人数	6	住吉保育所		3
130	2歳_2次受入人数	7	小柳保育所		0
131	2歳_2次受入人数	8	八幡保育所		0
132	2歳_2次受入人数	9	本町保育所		0
133	2歳_2次受入人数	10	三本木保育所		0
134	2歳_2次受入人数	11	美好保育所		0
135	2歳_2次受入人数	12	府中愛児園		0
136	2歳_2次受入人数	13	南分倍保育園		0
137	2歳_2次受入人数	14	髙安寺保育園		0
138	2歳_2次受入人数	15	千春保育園		8
139	2歳_2次受入人数	16	是政保育園		0
140	2歳_2次受入人数	17	晴見保育園		0
141	2歳_2次受入人数	18	押立保育園		0
142	2歳_2次受入人数	19	府中保育園		0
143	2歳_2次受入人数	20	にじのいろ保育園		0
144	2歳_2次受入人数	21	山手保育園		0
145	2歳_2次受入人数	22	さくらんぼ保育園		0
146	2歳_2次受入人数	23	押立第二保育園		0
147	2歳_2次受入人数	24	わらしこ保育園		1
148	2歳_2次受入人数	25	第２府中保育園		1
149	2歳_2次受入人数	26	府中めぐみ保育園		0
150	2歳_2次受入人数	27	キッズエイド武蔵保育園		0
151	2歳_2次受入人数	28	山手保育園清水が丘分園		0
152	2歳_2次受入人数	29	やまびこ保育園		0
153	2歳_2次受入人数	30	キッズランド府中保育園		0
154	2歳_2次受入人数	31	府中保育園分園		-
155	2歳_2次受入人数	32	キッズルームこっこ保育園		0
156	2歳_2次受入人数	33	府中中河原雲母保育園		0
157	2歳_2次受入人数	34	めぐみ第二保育園		0
158	2歳_2次受入人数	35	西府の森保育園		0
159	2歳_2次受入人数	36	わらしこ第２保育園		0
160	2歳_2次受入人数	37	山手こひつじ保育園		0
161	2歳_2次受入人数	38	白糸さくらんぼ保育園		0
162	2歳_2次受入人数	39	分倍保育園		0
163	2歳_2次受入人数	40	光明高倉保育園		0
164	2歳_2次受入人数	41	まなびの森保育園中河原		0
165	2歳_2次受入人数	42	明桜保育園		1
166	2歳_2次受入人数	43	そよかぜハーモニー保育園		0
167	2歳_2次受入人数	44	よつば保育園		0
168	2歳_2次受入人数	45	第２キッズランド府中保育園		0
169	2歳_2次受入人数	46	光明府中南保育園		0
170	2歳_2次受入人数	47	アスク府中本町保育園		0
171	2歳_2次受入人数	48	太陽の子清水が丘三丁目保育園		0
172	2歳_2次受入人数	49	ラフ・クルー分倍河原保育園		0
173	2歳_2次受入人数	50	ラフ・クルー分倍河原保育園分園		0
174	2歳_2次受入人数	51	このめ保育園		0
175	2歳_2次受入人数	52	アスク府中片町保育園		0
176	2歳_2次受入人数	53	ふちしらコスモ保育園		0
177	2歳_2次受入人数	54	トレジャーキッズぶばい保育園		0
178	2歳_2次受入人数	55	まなびの森保育園東府中		0
179	2歳_2次受入人数	56	まなびの森保育園府中		0
180	2歳_2次受入人数	57	ソラスト府中保育園		0
181	2歳_2次受入人数	58	ヴィラまなびの森保育園住吉町		0
182	2歳_2次受入人数	59	府中緑町・学びの保育園		0
183	2歳_2次受入人数	60	ひよこっこはちまん		0
184	2歳_2次受入人数	61	ひよこっこわかまつ		0
185	2歳_2次受入人数	62	ねぎし保育園		0
186	3歳_2次受入人数	1	北保育所		0
187	3歳_2次受入人数	2	東保育所		0
188	3歳_2次受入人数	3	西保育所		0
189	3歳_2次受入人数	4	中央保育所		2
190	3歳_2次受入人数	5	北山保育所		2
191	3歳_2次受入人数	6	住吉保育所		0
192	3歳_2次受入人数	7	小柳保育所		0
193	3歳_2次受入人数	8	八幡保育所		0
194	3歳_2次受入人数	9	本町保育所		3
195	3歳_2次受入人数	10	三本木保育所		0
196	3歳_2次受入人数	11	美好保育所		2
197	3歳_2次受入人数	12	府中愛児園		0
198	3歳_2次受入人数	13	南分倍保育園		1
199	3歳_2次受入人数	14	髙安寺保育園		0
200	3歳_2次受入人数	15	千春保育園		2
201	3歳_2次受入人数	16	是政保育園		0
202	3歳_2次受入人数	17	晴見保育園		0
203	3歳_2次受入人数	18	押立保育園		0
204	3歳_2次受入人数	19	府中保育園		0
205	3歳_2次受入人数	20	にじのいろ保育園		0
206	3歳_2次受入人数	21	山手保育園		-
207	3歳_2次受入人数	22	さくらんぼ保育園		0
208	3歳_2次受入人数	23	押立第二保育園		0
209	3歳_2次受入人数	24	わらしこ保育園		3
210	3歳_2次受入人数	25	第２府中保育園		0
211	3歳_2次受入人数	26	府中めぐみ保育園		-
212	3歳_2次受入人数	27	キッズエイド武蔵保育園		0
213	3歳_2次受入人数	28	山手保育園清水が丘分園		-
214	3歳_2次受入人数	29	やまびこ保育園		1
215	3歳_2次受入人数	30	キッズランド府中保育園		0
216	3歳_2次受入人数	31	府中保育園分園		-
217	3歳_2次受入人数	32	キッズルームこっこ保育園		1
218	3歳_2次受入人数	33	府中中河原雲母保育園		0
219	3歳_2次受入人数	34	めぐみ第二保育園		0
220	3歳_2次受入人数	35	西府の森保育園		0
221	3歳_2次受入人数	36	わらしこ第２保育園		0
222	3歳_2次受入人数	37	山手こひつじ保育園		0
223	3歳_2次受入人数	38	白糸さくらんぼ保育園		4
224	3歳_2次受入人数	39	分倍保育園		5
225	3歳_2次受入人数	40	光明高倉保育園		0
226	3歳_2次受入人数	41	まなびの森保育園中河原		0
227	3歳_2次受入人数	42	明桜保育園		0
228	3歳_2次受入人数	43	そよかぜハーモニー保育園		0
229	3歳_2次受入人数	44	よつば保育園		0
230	3歳_2次受入人数	45	第２キッズランド府中保育園		0
231	3歳_2次受入人数	46	光明府中南保育園		-
232	3歳_2次受入人数	47	アスク府中本町保育園		0
233	3歳_2次受入人数	48	太陽の子清水が丘三丁目保育園		0
234	3歳_2次受入人数	49	ラフ・クルー分倍河原保育園		2
235	3歳_2次受入人数	50	ラフ・クルー分倍河原保育園分園		-
236	3歳_2次受入人数	51	このめ保育園		0
237	3歳_2次受入人数	52	アスク府中片町保育園		0
238	3歳_2次受入人数	53	ふちしらコスモ保育園		5
239	3歳_2次受入人数	54	トレジャーキッズぶばい保育園		0
240	3歳_2次受入人数	55	まなびの森保育園東府中		0
241	3歳_2次受入人数	56	まなびの森保育園府中		0
242	3歳_2次受入人数	57	ソラスト府中保育園		0
243	3歳_2次受入人数	58	ヴィラまなびの森保育園住吉町		0
244	3歳_2次受入人数	59	府中緑町・学びの保育園		0
245	3歳_2次受入人数	60	ひよこっこはちまん		-
246	3歳_2次受入人数	61	ひよこっこわかまつ		-
247	3歳_2次受入人数	62	ねぎし保育園		-
248	4歳_2次受入人数	1	北保育所		0
249	4歳_2次受入人数	2	東保育所		0
250	4歳_2次受入人数	3	西保育所		5
251	4歳_2次受入人数	4	中央保育所		0
252	4歳_2次受入人数	5	北山保育所		0
253	4歳_2次受入人数	6	住吉保育所		3
254	4歳_2次受入人数	7	小柳保育所		7
255	4歳_2次受入人数	8	八幡保育所		1
256	4歳_2次受入人数	9	本町保育所		1
257	4歳_2次受入人数	10	三本木保育所		0
258	4歳_2次受入人数	11	美好保育所		10
259	4歳_2次受入人数	12	府中愛児園		0
260	4歳_2次受入人数	13	南分倍保育園		2
261	4歳_2次受入人数	14	髙安寺保育園		4
262	4歳_2次受入人数	15	千春保育園		8
263	4歳_2次受入人数	16	是政保育園		0
264	4歳_2次受入人数	17	晴見保育園		0
265	4歳_2次受入人数	18	押立保育園		0
266	4歳_2次受入人数	19	府中保育園		2
267	4歳_2次受入人数	20	にじのいろ保育園		0
268	4歳_2次受入人数	21	山手保育園		-
269	4歳_2次受入人数	22	さくらんぼ保育園		1
270	4歳_2次受入人数	23	押立第二保育園		0
271	4歳_2次受入人数	24	わらしこ保育園		0
272	4歳_2次受入人数	25	第２府中保育園		0
273	4歳_2次受入人数	26	府中めぐみ保育園		-
274	4歳_2次受入人数	27	キッズエイド武蔵保育園		0
275	4歳_2次受入人数	28	山手保育園清水が丘分園		-
276	4歳_2次受入人数	29	やまびこ保育園		1
277	4歳_2次受入人数	30	キッズランド府中保育園		0
278	4歳_2次受入人数	31	府中保育園分園		-
279	4歳_2次受入人数	32	キッズルームこっこ保育園		0
280	4歳_2次受入人数	33	府中中河原雲母保育園		0
281	4歳_2次受入人数	34	めぐみ第二保育園		0
282	4歳_2次受入人数	35	西府の森保育園		0
283	4歳_2次受入人数	36	わらしこ第２保育園		0
284	4歳_2次受入人数	37	山手こひつじ保育園		0
285	4歳_2次受入人数	38	白糸さくらんぼ保育園		0
286	4歳_2次受入人数	39	分倍保育園		2
287	4歳_2次受入人数	40	光明高倉保育園		0
288	4歳_2次受入人数	41	まなびの森保育園中河原		0
289	4歳_2次受入人数	42	明桜保育園		0
290	4歳_2次受入人数	43	そよかぜハーモニー保育園		0
291	4歳_2次受入人数	44	よつば保育園		0
292	4歳_2次受入人数	45	第２キッズランド府中保育園		0
293	4歳_2次受入人数	46	光明府中南保育園		-
294	4歳_2次受入人数	47	アスク府中本町保育園		0
295	4歳_2次受入人数	48	太陽の子清水が丘三丁目保育園		0
296	4歳_2次受入人数	49	ラフ・クルー分倍河原保育園		4
297	4歳_2次受入人数	50	ラフ・クルー分倍河原保育園分園		-
298	4歳_2次受入人数	51	このめ保育園		0
299	4歳_2次受入人数	52	アスク府中片町保育園		0
300	4歳_2次受入人数	53	ふちしらコスモ保育園		1
301	4歳_2次受入人数	54	トレジャーキッズぶばい保育園		0
302	4歳_2次受入人数	55	まなびの森保育園東府中		0
303	4歳_2次受入人数	56	まなびの森保育園府中		0
304	4歳_2次受入人数	57	ソラスト府中保育園		0
305	4歳_2次受入人数	58	ヴィラまなびの森保育園住吉町		0
306	4歳_2次受入人数	59	府中緑町・学びの保育園		0
307	4歳_2次受入人数	60	ひよこっこはちまん		-
308	4歳_2次受入人数	61	ひよこっこわかまつ		-
309	4歳_2次受入人数	62	ねぎし保育園		-
310	5歳_2次受入人数	1	北保育所		1
311	5歳_2次受入人数	2	東保育所		6
312	5歳_2次受入人数	3	西保育所		9
313	5歳_2次受入人数	4	中央保育所		3
314	5歳_2次受入人数	5	北山保育所		3
315	5歳_2次受入人数	6	住吉保育所		7
316	5歳_2次受入人数	7	小柳保育所		5
317	5歳_2次受入人数	8	八幡保育所		11
318	5歳_2次受入人数	9	本町保育所		5
319	5歳_2次受入人数	10	三本木保育所		2
320	5歳_2次受入人数	11	美好保育所		18
321	5歳_2次受入人数	12	府中愛児園		6
322	5歳_2次受入人数	13	南分倍保育園		4
323	5歳_2次受入人数	14	髙安寺保育園		6
324	5歳_2次受入人数	15	千春保育園		16
325	5歳_2次受入人数	16	是政保育園		0
326	5歳_2次受入人数	17	晴見保育園		1
327	5歳_2次受入人数	18	押立保育園		0
328	5歳_2次受入人数	19	府中保育園		0
329	5歳_2次受入人数	20	にじのいろ保育園		2
330	5歳_2次受入人数	21	山手保育園		-
331	5歳_2次受入人数	22	さくらんぼ保育園		0
332	5歳_2次受入人数	23	押立第二保育園		2
333	5歳_2次受入人数	24	わらしこ保育園		2
334	5歳_2次受入人数	25	第２府中保育園		0
335	5歳_2次受入人数	26	府中めぐみ保育園		-
336	5歳_2次受入人数	27	キッズエイド武蔵保育園		3
337	5歳_2次受入人数	28	山手保育園清水が丘分園		-
338	5歳_2次受入人数	29	やまびこ保育園		0
339	5歳_2次受入人数	30	キッズランド府中保育園		0
340	5歳_2次受入人数	31	府中保育園分園		-
341	5歳_2次受入人数	32	キッズルームこっこ保育園		0
342	5歳_2次受入人数	33	府中中河原雲母保育園		0
343	5歳_2次受入人数	34	めぐみ第二保育園		0
344	5歳_2次受入人数	35	西府の森保育園		0
345	5歳_2次受入人数	36	わらしこ第２保育園		3
346	5歳_2次受入人数	37	山手こひつじ保育園		1
347	5歳_2次受入人数	38	白糸さくらんぼ保育園		0
348	5歳_2次受入人数	39	分倍保育園		1
349	5歳_2次受入人数	40	光明高倉保育園		4
350	5歳_2次受入人数	41	まなびの森保育園中河原		0
351	5歳_2次受入人数	42	明桜保育園		4
352	5歳_2次受入人数	43	そよかぜハーモニー保育園		2
353	5歳_2次受入人数	44	よつば保育園		0
354	5歳_2次受入人数	45	第２キッズランド府中保育園		0
355	5歳_2次受入人数	46	光明府中南保育園		-
356	5歳_2次受入人数	47	アスク府中本町保育園		0
357	5歳_2次受入人数	48	太陽の子清水が丘三丁目保育園		3
358	5歳_2次受入人数	49	ラフ・クルー分倍河原保育園		1
359	5歳_2次受入人数	50	ラフ・クルー分倍河原保育園分園		-
360	5歳_2次受入人数	51	このめ保育園		0
361	5歳_2次受入人数	52	アスク府中片町保育園		0
362	5歳_2次受入人数	53	ふちしらコスモ保育園		5
363	5歳_2次受入人数	54	トレジャーキッズぶばい保育園		4
364	5歳_2次受入人数	55	まなびの森保育園東府中		1
365	5歳_2次受入人数	56	まなびの森保育園府中		0
366	5歳_2次受入人数	57	ソラスト府中保育園		2
367	5歳_2次受入人数	58	ヴィラまなびの森保育園住吉町		1
368	5歳_2次受入人数	59	府中緑町・学びの保育園		1
369	5歳_2次受入人数	60	ひよこっこはちまん		-
370	5歳_2次受入人数	61	ひよこっこわかまつ		-
371	5歳_2次受入人数	62	ねぎし保育園		-
